datetime,headline,summary,source,url,categories,tags,api_source
2025-06-17T02:58:00,"Paradigm urges jury clarity in Roman Storm’s Tornado Cash case","Paradigm’s chief legal officer and general counsel said if Roman Storm is found guilty, it could slow future software development in the crypto and fintech industries.",Cointelegraph,https://cointelegraph.com/news/paradigm-wants-law-clarity-in-roman-storm-case?utm_source=rss_feed&utm_medium=rss&utm_campaign=rss_partner_inbound,"","",finnhub
2025-06-17T01:56:03,"Bitcoin production costs up 9% on higher hashrate, energy prices","The median cost of mining a single Bitcoin was only $52,000 in Q4, but jumped 23% in the first quarter and has risen again in Q2.",Cointelegraph,https://cointelegraph.com/news/bitcoin-production-cost-rises-energy-hashrate-increase-q2?utm_source=rss_feed&utm_medium=rss&utm_campaign=rss_partner_inbound,"","",finnhub
2025-06-17T01:04:45,"Bitcoin dips amid reports Trump has called advisers to situation room","Bitcoin has lost recent gains in a $2,000 slide as Middle East tensions escalated on Monday night.",Cointelegraph,https://cointelegraph.com/news/bitcoin-dips-reports-trump-summon-national-security-council?utm_source=rss_feed&utm_medium=rss&utm_campaign=rss_partner_inbound,"","",finnhub
2025-06-16T23:58:27,"JPMorgan files ‘JPMD’ trademark for crypto payment services","JPMorgan has filed a new trademark that covers a range of potential crypto-services for the bank, which industry commentators speculate could include a stablecoin venture.",Cointelegraph,https://cointelegraph.com/news/jpmorgan-files-jpmd-trademark-crypto-payment-services?utm_source=rss_feed&utm_medium=rss&utm_campaign=rss_partner_inbound,"","",finnhub
2025-06-16T22:30:00,"Fairmint calls for blockchain framework for private markets in SEC proposal","The proposal outlines a seven-step framework that includes real-time regulatory oversight and updates to investor accreditation standards.",Cointelegraph,https://cointelegraph.com/news/fairmint-blockchain-framework-private-markets-sec-proposal?utm_source=rss_feed&utm_medium=rss&utm_campaign=rss_partner_inbound,"","",finnhub
2025-06-16T22:07:13,"Polyhedra cites liquidity attacks, Wintermute deposits behind ZKJ price drop","The project said several wallets had “coordinated a liquidity attack with an egregious malicious attempt” followed by “aggressive ZKJ sell-offs.”",Cointelegraph,https://cointelegraph.com/news/polyhedra-liquidity-attacks-deposits-zkj-drop?utm_source=rss_feed&utm_medium=rss&utm_campaign=rss_partner_inbound,"","",finnhub
2025-06-16T20:57:00,"Coinbase slammed for backing US Army parade","US President Donald Trump promoted a 250th anniversary celebration of the Army that coincided with his birthday, leading to a sharp divide in how many Americans spent June 14.",Cointelegraph,https://cointelegraph.com/news/reaction-coinbase-sponsorship-donald-trump-military-parade?utm_source=rss_feed&utm_medium=rss&utm_campaign=rss_partner_inbound,"","",finnhub
2025-06-16T20:30:27,"Eric Trump is &#039;biggest fan&#039; of Justin Sun, but denies involvement in Tron’s public venture","Tron will go public in the US through a reverse merger with SRM Entertainment, a Nasdaq-listed company.",Cointelegraph,https://cointelegraph.com/news/eric-trump-denies-tron-us-public-offering-justin-sun?utm_source=rss_feed&utm_medium=rss&utm_campaign=rss_partner_inbound,"","",finnhub
2025-06-16T20:21:37,"Tron Reverse Merger Sends SRM Stock Soaring","Justin Sun’s Tron reverse merger strategy is making waves across the crypto and stock markets. On Monday, Nasdaq-listed SRM Entertainment (NASDAQ:SRM) announced it had reached a landmark agreement with the blockchain platform Tron, triggering a massive rally in SRM stock. This deal is no ordinary partnership—it involves a $100 million equity investment, a name change … Continue reading ""Tron Reverse Merger Sends SRM Stock Soaring""",Cryptocurrency News,https://cryptocurrencynews.com/investing-news/tron-reverse-merger-sends-srm-stock-soaring/,"","",finnhub
2025-06-16T19:20:00,"Bitcoin marches toward new highs as traders shrug off war and inflation fears","Bitcoin gains momentum as spot BTC ETF inflows and stable derivatives data offset investors’ war and inflation concerns.",Cointelegraph,https://cointelegraph.com/news/bitcoin-moves-toward-new-highs-as-traders-ignore-war-and-inflation?utm_source=rss_feed&utm_medium=rss&utm_campaign=rss_partner_inbound,"","",finnhub
2025-06-16T18:16:44,"Price predictions 6/16: SPX, DXY, BTC, ETH, XRP, BNB, SOL, DOGE, ADA, HYPE","Altcoins remain in a consolidation phase even as Bitcoin price looks ready to take a stab at new all-time highs.",Cointelegraph,https://cointelegraph.com/news/price-predictions-6-16-spx-dxy-btc-eth-xrp-bnb-sol-doge-ada-hype?utm_source=rss_feed&utm_medium=rss&utm_campaign=rss_partner_inbound,"","",finnhub
2025-06-16T17:45:20,"ETH price slips, but institutions flock to Ethereum staking — Lido Exec","Ether price has significantly underperformed in 2025, but institutional demand for Ethereum staking is growing, says Lido Foundation’s Kean Gilbert.",Cointelegraph,https://cointelegraph.com/news/ethereum-staking-institutional-demand-lido-steth?utm_source=rss_feed&utm_medium=rss&utm_campaign=rss_partner_inbound,"","",finnhub
2025-06-16T16:53:35,"Early Bitcoin adopter says BTC could have another 100X cycle","Over the next 10 to 20 years, Bitcoin price could increase by another 100X. At least that’s what one early BTC investor believes.",Cointelegraph,https://cointelegraph.com/news/early-bitcoin-adopter-says-btc-could-have-another-100x-cycle?utm_source=rss_feed&utm_medium=rss&utm_campaign=rss_partner_inbound,"","",finnhub
2025-06-16T16:12:14,"Gemini, Coinbase expected to secure EU licenses under MiCA — Report","Gemini is set to receive approval from Malta, while Coinbase is expected to get the green light from Luxembourg, according to Reuters.",Cointelegraph,https://cointelegraph.com/news/gemini-coinbase-eu-licenses-mica-report?utm_source=rss_feed&utm_medium=rss&utm_campaign=rss_partner_inbound,"","",finnhub
2025-06-16T15:00:00,"Crypto regulation needs more technologists and fewer suits","The crypto community is missing the opportunity to reimagine rather than transpose rulemaking for financial services. More technologists must join the regulatory conversation.",Cointelegraph,https://cointelegraph.com/news/crypto-regulationtechnologists?utm_source=rss_feed&utm_medium=rss&utm_campaign=rss_partner_inbound,"","",finnhub
2025-06-16T15:00:00,"Cointelegraph joins forces with Nansen to boost crypto journalism with onchain data","Cointelegraph teams up with Nansen, the leading onchain analytics platform, to integrate real-time blockchain data into its content, empowering millions of crypto investors and teams with deeper insights into DeFi, Web3 and market trends.",Cointelegraph,https://cointelegraph.com/news/cointelegraph-joins-forces-with-nansen-to-boost-crypto-journalism-with-onchain-data?utm_source=rss_feed&utm_medium=rss&utm_campaign=rss_partner_inbound,"","",finnhub
2025-06-16T14:31:30,"SRM to build $210M TRX treasury, rebrand as Tron Inc with Justin Sun as adviser","SRM Entertainment will rebrand as Tron Inc. and launch a $210 million TRX treasury strategy, with Tron founder Justin Sun joining as adviser.",Cointelegraph,https://cointelegraph.com/news/nasdaq-firm-tron-inc-210m-trx-treasury?utm_source=rss_feed&utm_medium=rss&utm_campaign=rss_partner_inbound,"","",finnhub
2025-06-16T14:20:00,"From $2.5M loss to $65M gain: Inside the playbook of ‘recycled’ crypto founders","Dough Finance shuttered after a $2.5-million hack. Its recycled founders returned with a new project, with Trump’s backing.",Cointelegraph,https://cointelegraph.com/explained/from-25m-loss-to-65m-gain-inside-the-playbook-of-recycled-crypto-founders?utm_source=rss_feed&utm_medium=rss&utm_campaign=rss_partner_inbound,"","",finnhub
2025-06-16T14:17:01,"Rethinking Sweden’s cashless society: An offline e-cash option is needed","The demand for an offline digital cash option has been intensifying since Russia invaded Ukraine. Is there a role for blockchain?",Cointelegraph,https://cointelegraph.com/news/sweden-cashless-society-offline-ecash-needed?utm_source=rss_feed&utm_medium=rss&utm_campaign=rss_partner_inbound,"","",finnhub
2025-06-16T14:00:00,"Cointelegraph goes onchain: CTDG initiative to secure Web3 with live validators","The Cointelegraph Decentralization Guardians (CTDG) initiative is operational with validators on Solana, Chiliz, Polkadot, Coreum, Canton and Mantra.",Cointelegraph,https://cointelegraph.com/news/cointelegraph-goes-onchain-ctdg-initiative-to-secure-web3-with-live-validators?utm_source=rss_feed&utm_medium=rss&utm_campaign=rss_partner_inbound,"","",finnhub
2025-06-16T13:45:55,"Trump’s Truth Social files S-1 for dual Bitcoin and Ether ETF","Trump’s social media platform, Truth Social, has officially proposed the issuance of a dual-spot Bitcoin and Ether ETF, backed by assets held by Crypto.com.",Cointelegraph,https://cointelegraph.com/news/trump-truth-social-sec-s-1-bitcoin-ether-etfs?utm_source=rss_feed&utm_medium=rss&utm_campaign=rss_partner_inbound,"","",finnhub
2025-06-16T13:23:41,"How VCs trade token unlocks (and what you can learn from them)","VCs time exits around unlock schedules, use OTC deals, stagger sells and monitor market sentiment to maximize profits and minimize impact.",Cointelegraph,https://cointelegraph.com/news/how-vcs-trade-token-unlocks?utm_source=rss_feed&utm_medium=rss&utm_campaign=rss_partner_inbound,"","",finnhub
2025-06-16T12:43:08,"El Salvador buys 240 Bitcoin since IMF non-accumulation agreement","The Central American country continues its daily Bitcoin investments despite a non-accumulation deal struck with the IMF in December 2024.",Cointelegraph,https://cointelegraph.com/news/el-salvador-buys-240-bitcoin-imf-deal?utm_source=rss_feed&utm_medium=rss&utm_campaign=rss_partner_inbound,"","",finnhub
2025-06-16T12:11:23,"Strategy adds $1B in Bitcoin as Israel-Iran conflict pressures markets","Strategy’s latest Bitcoin purchases were made following Strategy’s STRD, its third Bitcoin-backed preferred stock, launching on the Nasdaq on June 11.",Cointelegraph,https://cointelegraph.com/news/strategy-bags-10100-bitcoin-amid-israel-iran-escalation?utm_source=rss_feed&utm_medium=rss&utm_campaign=rss_partner_inbound,"","",finnhub
2025-06-16T11:36:03,"Bitget and UNICEF to train 300K girls in blockchain across 8 nations","Bitget partners with UNICEF Luxembourg in a three-year effort to empower girls in eight countries with science, technology, engineering and math (STEM) skills.",Cointelegraph,https://cointelegraph.com/news/bitget-unicef-partner-blockchain-education-girls?utm_source=rss_feed&utm_medium=rss&utm_campaign=rss_partner_inbound,"","",finnhub
2025-06-16T11:26:57,"Ethereum whales are buying the most ETH since 2018","Ethereum's drivers are now different, but the ETH price is consolidating in a multimonth range, echoing its 2017 chart pattern, which resulted in a 1,000% rally.",Cointelegraph,https://cointelegraph.com/news/ethereum-whales-buying-the-most-eth-since-2018?utm_source=rss_feed&utm_medium=rss&utm_campaign=rss_partner_inbound,"","",finnhub
2025-06-16T10:33:14,"Amazon to invest $13B in Australian AI data center infrastructure","Amazon is investing over $13 billion in expanding AI and cloud infrastructure in Australia, including new solar farms and data centers nationwide.",Cointelegraph,https://cointelegraph.com/news/amazon-invests-13b-australian-ai-data-center?utm_source=rss_feed&utm_medium=rss&utm_campaign=rss_partner_inbound,"","",finnhub
2025-06-16T10:00:00,"Ex-TON Foundation exec launches crypto investment app on Telegram","By applying a TradFi and DeFi combination, Affluent aims to allow users to earn interest in a manner as simple as depositing assets with a single click via Telegram.",Cointelegraph,https://cointelegraph.com/news/ex-ton-foundation-telegram-affluent-investment-app?utm_source=rss_feed&utm_medium=rss&utm_campaign=rss_partner_inbound,"","",finnhub
2025-06-16T09:11:31,"Tether blocks $12.3M in USDT tied to suspicious Tron addresses","The stablecoin giant froze over $12.3 million worth of funds, pointing to illicit activity or AML violations.",Cointelegraph,https://cointelegraph.com/news/tether-freezes-12m-usdt-on-tron?utm_source=rss_feed&utm_medium=rss&utm_campaign=rss_partner_inbound,"","",finnhub
2025-06-16T08:43:16,"$112K BTC was not &#039;bull market peak:&#039; 5 Things to know in Bitcoin this week","From a $105,000 weekly close to 30 metrics seeing no end in sight for the bull market, Bitcoin is keeping moonshot hopes alive this week.",Cointelegraph,https://cointelegraph.com/news/112k-btc-not-bull-market-peak-5-things-bitcoin-this-week?utm_source=rss_feed&utm_medium=rss&utm_campaign=rss_partner_inbound,"","",finnhub
2025-06-16T08:20:17,"Crypto funds notch $1.9B of inflows as Bitcoin rebounds","With a fresh week of inflows recorded, crypto ETPs have reached a new record of year-to-date inflows of $13.2 billion.",Cointelegraph,https://cointelegraph.com/news/crypto-funds-1-9-billion-inflows-bitcoin-surge-110000-coinshares?utm_source=rss_feed&utm_medium=rss&utm_campaign=rss_partner_inbound,"","",finnhub
2025-06-16T06:34:49,"Metaplanet’s Bitcoin holdings hits 10,000 BTC, beating Coinbase","Metaplanet’s stock surged over 20% after announcing its latest Bitcoin buy and a $210 million bond issuance to buy even more.",Cointelegraph,https://cointelegraph.com/news/metaplanet-bitcoin-holdings-hits-10000-btc-beating-coinbase?utm_source=rss_feed&utm_medium=rss&utm_campaign=rss_partner_inbound,"","",finnhub
2025-06-16T06:10:52,"Bitcoin buying firms must weigh quitting as risks emerge: VanEck","Bitcoin-buying public companies should be ready to cancel more buys if the value of their holdings eclipses their market cap, says VanEck crypto researcher Matthew Sigel.",Cointelegraph,https://cointelegraph.com/news/bitcoin-buying-firms-weigh-stopping-risks-emerge-vaneck?utm_source=rss_feed&utm_medium=rss&utm_campaign=rss_partner_inbound,"","",finnhub
2025-06-16T06:08:01,"Crypto user loses $6.9M to a cold wallet from China’s TikTok","SlowMist’s chief information security officer said it’s important not to “gamble your entire fortune on a wallet that’s a few hundred bucks cheaper.”",Cointelegraph,https://cointelegraph.com/news/crypto-investor-loses-6m-douyin-cold-wallet-scam?utm_source=rss_feed&utm_medium=rss&utm_campaign=rss_partner_inbound,"","",finnhub
2025-06-16T05:58:56,"Bitcoin closer to equities than gold as Middle East war deepens","Gold brushed its all-time highs amid Middle East tensions, while analysts say BTC still trades more like a risk asset than a safe haven.",Cointelegraph,https://cointelegraph.com/news/gold-reaches-near-all-time-high-is-bitcoin-follow?utm_source=rss_feed&utm_medium=rss&utm_campaign=rss_partner_inbound,"","",finnhub
2025-06-16T03:48:40,"Bybit targets Q3 launch of new Solana-based DEX Byreal","Crypto exchange Bybit is launching Byreal, a hybrid decentralized exchange on Solana that combines centralized exchange liquidity with DeFi transparency.",Cointelegraph,https://cointelegraph.com/news/bybit-launch-advanced-solana-based-dex-byreal?utm_source=rss_feed&utm_medium=rss&utm_campaign=rss_partner_inbound,"","",finnhub
2025-06-16T03:46:22,"Ethereum whales, sharks keep buying up ETH as retail cashes out","Crypto analytics firm Santiment found that Ether whales boosted their ETH holdings by 3.72% while retail investors have been banking profits.",Cointelegraph,https://cointelegraph.com/news/whales-chalking-up-ether-while-retail-take-profits?utm_source=rss_feed&utm_medium=rss&utm_campaign=rss_partner_inbound,"","",finnhub
2025-06-16T03:04:43,"Strategy’s Michael Saylor to help Pakistan with crypto pivot","Strategy chair Michael Saylor said during a meeting with the country’s finance and crypto ministers that he welcomed the opportunity to advise Pakistan on its crypto ambitions.",Cointelegraph,https://cointelegraph.com/news/michael-saylor-advise-pakistan-crypto-pivot?utm_source=rss_feed&utm_medium=rss&utm_campaign=rss_partner_inbound,"","",finnhub
2025-06-16T01:58:53,"TikTok crypto trader freed after kidnappers realized he’s broke","The crypto trader was reportedly forced into a stolen vehicle by four assailants as part of a 50,000 euro kidnapping plot.",Cointelegraph,https://cointelegraph.com/news/kidnappers-release-crypto-trader-because-insufficient-funds?utm_source=rss_feed&utm_medium=rss&utm_campaign=rss_partner_inbound,"","",finnhub
2025-06-16T01:25:57,"Polyhedra’s ZKJ token plummets 83% after ‘abnormal’ transactions","Polyhedra said it’s investigating a massive plunge in the price of its governance token, which now sits at 31 cents, down from $2.",Cointelegraph,https://cointelegraph.com/news/polyhedra-token-tanks-koge-zkj-liquidity-cascade?utm_source=rss_feed&utm_medium=rss&utm_campaign=rss_partner_inbound,"","",finnhub
2025-06-15T21:49:31,"AI race between US and China resembles Cold War — Marc Andreessen","The venture capitalist warned that virtually all artificial intelligence platforms are being developed in either China or the United States.",Cointelegraph,https://cointelegraph.com/news/ai-race-between-us-china-cold-war-andreessen?utm_source=rss_feed&utm_medium=rss&utm_campaign=rss_partner_inbound,"","",finnhub
2025-06-15T20:26:20,"Bitcoin mining difficulty falls slightly from recent all-time high","BTC miners continue to face economic headwinds and challenges, including gradually rising computational requirements to mine blocks.",Cointelegraph,https://cointelegraph.com/news/btc-mining-difficulty-falls-slightly-all-time-high?utm_source=rss_feed&utm_medium=rss&utm_campaign=rss_partner_inbound,"","",finnhub
2025-06-15T18:55:14,"Bitcoin holds $105K as HYPE, AAVE, BCH, OKB aim to lead altcoins higher","Bitcoin trades above $105,000 even as the threat of war looms in the Middle East. HYPE, BCH, AAVE and OKB could also catch a bid if BTC holds its current range.",Cointelegraph,https://cointelegraph.com/news/bitcoin-holds-105k-as-hype-aave-bch-okb-aim-to-lead-altcoins-higher?utm_source=rss_feed&utm_medium=rss&utm_campaign=rss_partner_inbound,"","",finnhub
2025-06-15T16:56:03,"Saylor signals impending Bitcoin purchase amid Israel-Iran conflict","Strategy co-founder Michael Saylor hinted the company would purchase more Bitcoin on Monday when traditional financial markets open.",Cointelegraph,https://cointelegraph.com/news/saylor-impending-bitcoin-purchase-israel-iran-conflict?utm_source=rss_feed&utm_medium=rss&utm_campaign=rss_partner_inbound,"","",finnhub
2025-06-15T15:00:00,"TradFi&#039;s deep liquidity issue is crypto&#039;s silent structural risk","Despite crypto's rapid growth and decentralized ideals, its liquidity remains fragmented and fragile — mirroring traditional finance's hidden risks and exposing the market to sudden shocks when sentiment shifts.",Cointelegraph,https://cointelegraph.com/news/liquidity-crypto-structural-risk?utm_source=rss_feed&utm_medium=rss&utm_campaign=rss_partner_inbound,"","",finnhub
2025-06-15T12:40:40,"Bitcoin-backed loans open the real estate market to crypto-rich, tax-free","Bitcoin holders are using crypto-backed loans to buy real estate without selling their BTC—avoiding capital gains taxes while staying exposed to upside.",Cointelegraph,https://cointelegraph.com/news/bitcoin-backed-loans-real-estate-capital-gains?utm_source=rss_feed&utm_medium=rss&utm_campaign=rss_partner_inbound,"","",finnhub
2025-06-15T11:02:56,"Bitcoin price targets mushroom as traders bet on $140K+ this bull run","From golden crosses to ascending wedges, Bitcoin traders are increasingly optimistic on the future of Bitcoin price action, even as the market tracks sideways.",Cointelegraph,https://cointelegraph.com/news/bitcoin-price-targets-mushroom-traders-bet-on-200k-this-bull-run?utm_source=rss_feed&utm_medium=rss&utm_campaign=rss_partner_inbound,"","",finnhub
2025-06-15T10:04:59,"Vietnam legalizes crypto under new digital technology law","Vietnam has passed a sweeping digital technology law that legalizes crypto assets and outlines incentives for AI, semiconductors, and infrastructure.",Cointelegraph,https://cointelegraph.com/news/vietnam-legalizes-crypto-sets-digital-tech-ambitions?utm_source=rss_feed&utm_medium=rss&utm_campaign=rss_partner_inbound,"","",finnhub
2025-06-15T06:57:15,"Brazil ends crypto tax exemption, imposes 17.5% flat rate on gains","Brazil scraps crypto tax exemption for small traders, enforces flat 17.5% rate across all gains, including self-custody and offshore holdings.",Cointelegraph,https://cointelegraph.com/news/brazil-ends-crypto-tax-exemption-imposes-flat-17-5-rate?utm_source=rss_feed&utm_medium=rss&utm_campaign=rss_partner_inbound,"","",finnhub
2025-06-15T06:13:53,"Stablecoins will soon have its &#039;iPhone moment&#039;: Circle CEO","The CEO of Circle, which recently debuted on the New York Stock Exchange, predicts it won’t be long before stablecoins reach the level of developer attraction that the iPhone achieved.",Cointelegraph,https://cointelegraph.com/news/stablecoin-adoption-iphone-moment-incoming-circle-ceo-jeremy-allaire?utm_source=rss_feed&utm_medium=rss&utm_campaign=rss_partner_inbound,"","",finnhub
2025-06-15T03:48:06,"Crypto Fear &amp; Greed Index stays in greed territory amid Israel-Iran conflict","While the index remains in the “Greed” zone if history repeats following last year’s Israel-Iran tensions, it may decline into “Fear” in the coming weeks.",Cointelegraph,https://cointelegraph.com/news/crypto-fear-greed-index-bitcoin-price-israel-iran-tension?utm_source=rss_feed&utm_medium=rss&utm_campaign=rss_partner_inbound,"","",finnhub
2025-06-14T22:33:33,"Bitcoin ETFs record 5-day inflow streak amid geopolitical tensions","Bitcoin holding firm at around $105,000 despite recent geopolitical and economic shocks suggests a sign of strength and investor confidence.",Cointelegraph,https://cointelegraph.com/news/bitcoin-etfs-5-day-inflow-streak-geopolitical-tensions?utm_source=rss_feed&utm_medium=rss&utm_campaign=rss_partner_inbound,"","",finnhub
2025-06-14T21:02:27,"Amazon signs nuclear energy deal to power AI data centers","Amazon joins a growing list of tech companies shifting to nuclear power to meet the energy-intensive needs of artificial intelligence.",Cointelegraph,https://cointelegraph.com/news/amazon-nuclear-energy-deal-power-ai-centers?utm_source=rss_feed&utm_medium=rss&utm_campaign=rss_partner_inbound,"","",finnhub
2025-06-14T18:33:22,"Bitcoin can absorb $30T US Treasury market — Bitwise CEO","Bitcoin does not just compete with gold as an alternative store of value, but all savings instruments, including government securities.",Cointelegraph,https://cointelegraph.com/news/bitcoin-absorb-30t-treasury-market?utm_source=rss_feed&utm_medium=rss&utm_campaign=rss_partner_inbound,"","",finnhub
