datetime,headline,summary,source,url,categories,tags,api_source
2025-06-11T02:59:06,"Bitcoin May Increase OP_RETURN Data Limit, Enhancing Blockchain Utility and Developer Opportunities","Bitcoin’s upcoming protocol update will increase the OP_RETURN data limit, enhancing blockchain utility beyond simple transactions. This change allows developers to embed larger data payloads, potentially expanding Bitcoin’s role in",coinotag,https://en.coinotag.com/bitcoin-may-increase-op_return-data-limit-enhancing-blockchain-utility-and-developer-opportunities/,"BLOCKCHAIN|BTC","News",cryptocompare
2025-06-11T02:48:58,"Michael Saylor Suggests Bitcoin May Avoid Another Crypto Winter Amid Growing Adoption and Limited Supply","Michael Saylor, CEO of Strategy, confidently asserts that Bitcoin is poised to avoid another crypto winter, citing robust adoption and limited supply dynamics as key drivers. With institutional investors and",coinotag,https://en.coinotag.com/michael-saylor-suggests-bitcoin-may-avoid-another-crypto-winter-amid-growing-adoption-and-limited-supply/,"BTC|BUSINESS|MARKET","Analysis|News",cryptocompare
2025-06-11T02:39:11,"Michael Saylor rejects crypto winter fears, says Bitcoin ‘going to $1M’","Strategy’s Michael Saylor claims that “all the evidence” indicates Bitcoin is unlikely to face another crypto winter anytime soon.",cointelegraph,https://cointelegraph.com/news/strategy-michael-saylor-rejects-crypto-winter-bitcoin-price-prediction?utm_source=rss_feed&utm_medium=rss&utm_campaign=rss_partner_inbound,"BTC","",cryptocompare
2025-06-11T02:28:36,"Ethereum Price Eyes $3K Milestone—Momentum Builds as Buyers Return","Ethereum price started a fresh increase above the $2,650 zone. ETH is now consolidating and eyes more gains above the $2,850 resistance. Ethereum started a fresh increase above the $2,750 level. The price is trading above $2,700 and the 100-hourly Simple Moving Average. There is a key bullish trend line forming with support at $2,750 on the hourly chart of ETH/USD (data feed via Kraken). The pair could start a fresh surge if it clears the $2,850 zone in the near term. Ethereum Price Rises Further Ethereum price started a fresh increase after it found support near the $2,500 level, beating Bitcoin . ETH price was able to clear the $2,600 and $2,650 resistance levels. The bulls pushed the price above $2,750. ETH even spiked above $2,800. A high was formed at $2,832 and the price is now consolidating gains above the 23.6% Fib retracement level of the upward move from the $2,483 swing low to the $2,832 high. Ethereum price is now trading above $2,750 and the 100-hourly Simple Moving Average . There is also a key bullish trend line forming with support at $2,750 on the hourly chart of ETH/USD. On the upside, the price could face resistance near the $2,820 level. The next key resistance is near the $2,850 level. The first major resistance is near the $2,880 level. A clear move above the $2,880 resistance might send the price toward the $2,920 resistance. An upside break above the $2,920 resistance might call for more gains in the coming sessions. In the stated case, Ether could rise toward the $3,000 resistance zone or even $3,120 in the near term. Are Dips Supported In ETH? If Ethereum fails to clear the $2,850 resistance, it could start a fresh decline. Initial support on the downside is near the $2,750 level. The first major support sits near the $2,650 zone and the 50% Fib retracement level of the upward move from the $2,483 swing low to the $2,832 high. A clear move below the $2,650 support might push the price toward the $2,600 support. Any more losses might send the price toward the $2,550 support level in the near term. The next key support sits at $2,500. Technical Indicators Hourly MACD – The MACD for ETH/USD is gaining momentum in the bullish zone. Hourly RSI – The RSI for ETH/USD is now above the 50 zone. Major Support Level – $2,750 Major Resistance Level – $2,850",newsbtc,https://www.newsbtc.com/analysis/eth/ethereum-price-eyes-3k/,"BTC|ETH|EXCHANGE|TRADING","ETH|ethbtc|ethereum|ethusd|ETHUSDT",cryptocompare
2025-06-11T02:25:28,"Bitcoin Liquidation Intensity Set to Surge Over $1 Billion if Price Drops Below $108,000","According to recent data from Coinglass, a significant threshold looms for Bitcoin’s price action on major centralized exchanges (CEXs). Should Bitcoin decline below the $108,000 mark, the aggregate long liquidation",coinotag,https://en.coinotag.com/breakingnews/bitcoin-liquidation-intensity-set-to-surge-over-1-billion-if-price-drops-below-108000/,"BTC|TRADING","",cryptocompare
2025-06-11T02:22:04,"Sygnum Highlights Potential Concentration Risks in Bitcoin Holdings Affecting Central Bank Reserve Adoption","Swiss crypto bank Sygnum highlights a growing concentration risk in Bitcoin holdings that may hinder its adoption as a central bank reserve asset. Acquisition vehicles like Strategy have aggressively accumulated",coinotag,https://en.coinotag.com/sygnum-highlights-potential-concentration-risks-in-bitcoin-holdings-affecting-central-bank-reserve-adoption/,"BTC|FIAT","News|BTC",cryptocompare
2025-06-11T02:19:33,"Bitcoin Set to Surpass $200,000 in 2024 Amid U.S. Fiscal Instability, Says Bitwise Analysts","According to recent analysis by Bitwise researchers André Dragosch and Ayush Tripathi, Bitcoin’s valuation is poised for significant growth, with projections indicating a potential rise beyond $200,000 by year-end. Their",coinotag,https://en.coinotag.com/breakingnews/bitcoin-set-to-surpass-200000-in-2024-amid-u-s-fiscal-instability-says-bitwise-analysts/,"BTC|MARKET","",cryptocompare
2025-06-11T02:17:46,"Bitcoin Market Reacts to Potential U.S. Fiscal Policy Changes Amid Graham’s Proposed Bills","Senator Lindsey Graham is preparing to introduce additional legislation to safeguard key elements of former President Trump’s fiscal policies amid potential budget cuts, signaling significant implications for the U.S. deficit",coinotag,https://en.coinotag.com/bitcoin-market-reacts-to-potential-u-s-fiscal-policy-changes-amid-grahams-proposed-bills/,"BTC|MARKET|REGULATION","Bitcoin|News|BTC",cryptocompare
2025-06-11T02:13:09,"Why Strategy’s Bitcoin Buys Could Pose Long-Term Risks Despite Boosting Demand","Swiss crypto bank Sygnum sees a potential concentration risk for Bitcoin that could deter central banks from adopting it as a reserve asset.",decrypt,https://decrypt.co/324540/strategys-bitcoin-buys-risks,"BTC|FIAT|MARKET","|Markets",cryptocompare
2025-06-11T02:09:36,"The Blockchain Group Secures €10 Billion Approval to Expand Bitcoin Treasury Holdings","The Blockchain Group, recognized as Europe’s pioneering Bitcoin treasury reserve firm, secured shareholder approval on June 10 to raise in excess of €10 billion (approximately $11 billion) for strategic Bitcoin",coinotag,https://en.coinotag.com/breakingnews/the-blockchain-group-secures-e10-billion-approval-to-expand-bitcoin-treasury-holdings/,"BLOCKCHAIN|BTC|FIAT|REGULATION","BTC",cryptocompare
2025-06-11T02:05:52,"Michael Saylor Predicts Bitcoin’s Price Surge","Saylor predicts Bitcoin’s value will rise to $1 million. MicroStrategy develops innovative financial tools based on Bitcoin. Continue Reading: Michael Saylor Predicts Bitcoin’s Price Surge The post Michael Saylor Predicts Bitcoin’s Price Surge appeared first on COINTURK NEWS .",cointurken,https://en.coin-turk.com/michael-saylor-predicts-bitcoins-price-surge/,"BTC|TRADING","Bitcoin (BTC)",cryptocompare
2025-06-11T02:02:32,"Michael Saylor Predicts Bitcoin Will Soar to $1 Million Amid Digital Gold Rush","Michael Saylor, Executive Chairman and CEO of Strategy, recently reiterated his bullish stance on Bitcoin’s long-term value in an interview with Bloomberg, as reported by COINOTAG News on June 11th.",coinotag,https://en.coinotag.com/breakingnews/michael-saylor-predicts-bitcoin-will-soar-to-1-million-amid-digital-gold-rush/,"BTC|FIAT|TRADING","BTC",cryptocompare
2025-06-11T02:00:09,"Toncoin Heading Toward 40% Breakout, Pattern Could Suggest","An analyst has pointed out how Toncoin (TON) is currently trading inside a Triangle pattern that could potentially set the stage up for a 40% move. Toncoin Has Been Stuck Inside A Triangle On The Daily Timeframe In a new post on X, analyst Ali Martinez has talked about a pattern that Toncoin has recently been moving inside. The pattern in question is a Triangle from technical analysis (TA), which forms when an asset’s price observes consolidation between two converging trendlines. Related Reading: Bitcoin Defies Bears: Price Nears $108,000 Despite $250M Exchange Inflows The upper line of the pattern is likely to be a source of resistance in the future, while the lower one is that of support. A breakout of either of these lines can imply a continuation of the trend in that direction. There are a few different types of Triangles in TA. Three popular ones include the Ascending, Descending, and Symmetrical variations. The orientation of the trendlines relative to each other defines which type a particular triangular channel falls under. In an Ascending Triangle, the upper trendline is parallel to the time-axis. This means that as the price travels inside the pattern, its consolidation shrinks toward a net upside. The Descending Triangle involves just the opposite case; the upper line is sloped downward while the lower one is flat. The third variation, the Symmetrical Triangle, has its trendlines at a roughly equal and opposite slope. In this pattern, the price’s range tightens to a point in a sideways manner. Now, here is the chart shared by the analyst that shows the Triangle pattern that Toncoin has seemingly been trapped within during the past few months: From the graph, it’s visible that the Triangle that the 1-day price of Toncoin has been following looks similar to a Symmetrical Triangle, but it’s not a perfect one; there is a slight bias to the downside. The cryptocurrency most recently found support at the lower line and has since climbed toward the midway point between the trendlines. The coin’s price is now not too far from the apex of the pattern. Generally, breakouts become more likely as consolidation becomes tighter, so it’s possible that TON may be approaching one. According to the analyst, a breakout, if it happens, could potentially end up leading to a 40% move for Toncoin. Related Reading: Bitcoin & Ethereum Diverge—ETF Flows Just Flipped The Narrative As for which direction a breakout might take the asset in, Symmetrical Triangles usually have both sides at equal probability. Since the Triangle in the current case is slightly angled down, however, an exit below the lower line may be a bit more likely. It now remains to be seen how Toncoin’s price will develop in the coming days and if the pattern will play any role. TON Price At the time of writing, Toncoin is trading around $3.3, up over 2% in the last seven days. Featured image from Shutterstock.com, charts from TradingView.com",newsbtc,https://www.newsbtc.com/toncoin-ton/toncoin-ton-toward-40-breakout-pattern-suggest/,"BTC|ETH|EXCHANGE|TRADING|TON","Toncoin (TON)|TON|Toncoin|Toncoin Breakout|Toncoin Pattern|TONUSDT",cryptocompare
2025-06-11T01:54:47,"Meta’s AI Investment and AGI Ambitions May Influence Bitcoin and Blockchain Token Interest","Meta, under Mark Zuckerberg’s leadership, is making a bold leap into Artificial General Intelligence (AGI) by assembling a top-tier AI team and investing billions in cutting-edge technology. This strategic move",coinotag,https://en.coinotag.com/metas-ai-investment-and-agi-ambitions-may-influence-bitcoin-and-blockchain-token-interest/,"BLOCKCHAIN|BTC|TECHNOLOGY","News",cryptocompare
2025-06-11T01:51:58,"Unauthorized Bitcoin Withdrawals from Alby Wallets Raise User Concerns and Calls for Transparency","Recent unauthorized withdrawals from inactive Alby Bitcoin wallets have raised significant concerns among users, spotlighting critical issues around wallet security and transparency. The crypto community is demanding clearer communication and",coinotag,https://en.coinotag.com/unauthorized-bitcoin-withdrawals-from-alby-wallets-raise-user-concerns-and-calls-for-transparency/,"BTC","News|BTC",cryptocompare
2025-06-11T01:44:46,"Senator Lummis refers to the IRS’s crypto tax regulations as 'bad tax regulations'","US Senator Cynthia Lummis has called for changes in the current crypto tax policy. Lummis emphasizes that the policy has been tilted against Bitcoin and other cryptocurrencies. Lummis said that the Bitcoin mining community is one of the hardest-hit groups due to the proposed provisions, which would endure potentially duplicative taxes and substantial compliance headaches. This interpretation follows Senator Lummis’ X post that says that America’s crypto tax laws disproportionately target Bitcoin and other digital assets. As a long-time advocate, she argued that the current tax laws are a “complete mess,” with the most problems manifested by Bitcoin. Bitcoin and digital assets are being unfairly targeted because of flawed tax rules. We need crypto revisions in reconciliation. — Senator Cynthia Lummis (@SenLummis) June 10, 2025 She said the cryptocurrency rules must be updated during the reconciliation process to curb that. Senator Lummis refers to the IRS’s crypto tax regulations as ‘bad tax regulations’ Senator Cynthia Lummis stated that Bitcoin and digital assets are wrongly singled out due to bad tax regulations. Though Lummis does not mention them by name, her remarks likely refer to the IRS’s crypto tax reporting rules, particularly those rolled out in the 2021 Infrastructure Investment and Jobs Act. This law took a wide view of “brokers,” placing miners and developers under the same category. The 2021 Infrastructure Investment and Jobs Act is also called the Bipartisan Infrastructure Law. This law widened the broker reporting rules in Sections 6045 and 6045A to cover digital assets. This wide-reaching categorization has faced criticism from miners and developers, who have voiced out their claims. According to them, they would be virtually unable to comply with these regulations. The rules force them to report information like names and transaction amounts in their tax filings — information they often do not even have access to. Lummis’ post called on Congress to try to make the rule change on a special amendment vehicle. The pro-Bitcoin senator calls for “crypto changes in reconciliation” to accelerate the amendment process. According to House rules, some tax or spending bills can be approved with a simple majority using reconciliation. Senator Lummis wants to use this method to change the definition of “broker” and bypass bipartisan gridlock. Bitcoin reached a new all-time high of $111,970 despite regulatory uncertainties People are also worried that the flawed tax code carries the potential for double taxation in the case of miners and participants in decentralized finance (DeFi). This is because Miners get taxed on their block rewards and then again on capital gains when they sell what they own. At the same time, DeFi users could face several taxable events even if they have not made any profits. However, despite such regulatory uncertainty, Bitcoin reached a new all-time high of $111,970. Cryptocurrency markets are rebounding today, with the two highest performers, Bitcoin and Ethereum, posting positive gains following a weekend of largely sideways trading. US lawmakers are debating new crypto rules to solve this regulatory uncertainty that may profoundly reshape the industry. The GENIUS Act is on the verge of a cloture vote in Congress this week, with the CLARITY Act also moving forward. There’s also a bill introduced to turn President Donald Trump’s executive order calling for a Strategic Bitcoin Reserve into law. The movement of these legislative actions has generated hope that the cryptocurrency tax reforms proposed by Senator Lummis could soon become law. Cryptopolitan Academy: Want to grow your money in 2025? Learn how to do it with DeFi in our upcoming webclass. Save Your Spot",cryptopolitan,https://www.cryptopolitan.com/senator-lummis-slams-flawed-crypto-tax-rules/,"BTC|ETH|FIAT|MARKET|REGULATION","News",cryptocompare
2025-06-11T01:36:43,"Bitcoin Core May Raise OP_RETURN Data Limit in October, Sparking Community Debate Over Blockchain Use","Bitcoin Core’s upcoming update will significantly raise the OP_RETURN data limit, igniting fierce debate within the Bitcoin community over blockchain usage and network priorities. The change, set for October 30,",coinotag,https://en.coinotag.com/bitcoin-core-may-raise-op_return-data-limit-in-october-sparking-community-debate-over-blockchain-use/,"BLOCKCHAIN|BTC","News|BTC|Core",cryptocompare
2025-06-11T01:28:19,"Bitcoin update to raise data limit on divisive OP_RETURN function","Bitcoin Core dev Gloria Zhao says the data limit for OP_RETURN will be raised in October, infuriating several Bitcoin users who prefer images, text and audio to stay off the blockchain.",cointelegraph,https://cointelegraph.com/news/bitcoin-op-return-data-limit-raise-next-update?utm_source=rss_feed&utm_medium=rss&utm_campaign=rss_partner_inbound,"BLOCKCHAIN|BTC","",cryptocompare
2025-06-11T01:22:13,"Robert Kiyosaki Suggests Bitcoin Could Counter Financial “Theft” Amid Rising Global Unrest","Robert Kiyosaki warns of a global “civil war” fueled by financial instability, emphasizing Bitcoin’s role as a safeguard against systemic wealth theft. He links current worldwide unrest to historical economic",coinotag,https://en.coinotag.com/robert-kiyosaki-suggests-bitcoin-could-counter-financial-theft-amid-rising-global-unrest/,"BTC|MARKET","Analysis|News|BTC",cryptocompare
2025-06-11T01:15:56,"Asia Morning Briefing: Coinbase Premium, Not Bank of Japan Rates, Might be the Metric to Watch for BTC","Bitcoin BTC is trading at $109.7K as the Wednesday trading day begins in Asia, according to CoinDesk market data. While the world's largest digital asset is trading flat in the early hours of the session, CoinDesk market data shows that it's up 4% on the week. An expected Bank of Japan rate cut isn't doing that much to move the market, even though a low interest rate policy is usually what drives risk-on sentiment and positively impacts BTC prices. One metric to watch instead is the 'Coinbase Premium'. Tracked by CryptoQuant, it measures the price difference between BTC on Coinbase Pro (USD) and Binance (USDT), demonstrating the dollar demand for bitcoin (as opposed to crypto-native demand). ""The Coinbase Premium is gradually rising, indicating that buying pressure from U.S. investors is supporting the trend,"" CryptoQuant analysts wrote in a recent update . ""Additionally, whale buying activity is being observed incrementally."" Part of this movement would include BTC ETF inflow, which has hit $386.27 million so far this week, according to SoSoValue data . That being said, some market observers are concerned that a staked ether exchange-traded fund (ETF), which may be close to getting approved , could put a damper on institutional BTC interest. Youwei Yang, chief economist at BIT Mining, says that an ETF that gives investors access to ETH yield from staking would be something that BTC ETFs can't match, as they just give exposure to price appreciation. ""This has created a lot of buzz, especially considering how much of bitcoin’s rally was fueled by ETF hype,"" Yang said. ""And let’s be honest: while there’s speculation around Solana or Litecoin ETFs, Ether is still the only other crypto asset with a real existence in U.S. spot ETF. That makes it a go-to option for institutions waiting and watching on the sidelines, ready to move when the timing feels right."" But for now, it's still a waiting game. At least until the BoJ's move is official, as the usual crypto-natives like Arthur Hayes are counting on BTC going parabolic as a result. DEX Volume Has Nearly Doubled in Past Year Centralized Exchanges (CEXs) have always had their eyes on Decentralized Exchanges (DEXs) since the concept took off in 2018 with the advent of modern Automated Market Maker (AMM) engines – the technology at the center of the product category. But as the year continues, and crypto mergers and acquisitions heat up maybe there'll be a renewed interest in DEXs, considering the massive jump in volume on the platforms in the last year. According to data from Messari, in the last year, trading volume on DEXs has jumped from around 6% of all volume to 12%. In May, that number got closer to 25% as up-and-coming DEX Hyperliquid caught the eye of the market , including crypto's most aggressive traders . But are DEXs and CEX's competitors? No, says OKX President Hong Fang. Speaking with CoinDesk earlier this year in the run-up to Consensus Hong Kong, Fang said that the two are complementary. ""The crypto-native audience will want to be able to use CEX for reliability and DEX for catching innovations,"" she said at the time. ""Such supply-demand dynamics will drive further adoption of DEX to enable innovation while supporting the gradual maturity of the crypto regulatory framework."" News Roundup Trump’s CFTC Nominee Brian Quintenz Says Congress Key to Boosting Crypto Innovation and Consumer Protection Brian Quintenz, President Trump's nominee for chairman of the Commodity Futures Trading Commission (CFTC), emphasized at his Senate confirmation hearing that Congress must lead in establishing clear guidelines to boost crypto innovation and consumer protection simultaneously, CoinDesk previously reported. Quintenz, who previously served as a CFTC commissioner and later as head of policy at venture capital firm a16z, argued that forthcoming market structure legislation could provide clarity needed for entrepreneurs while maintaining safeguards for consumers. During his confirmation, senators expressed concerns about vacancies at the CFTC—particularly the absence of Democratic commissioners—but Quintenz declined to commit to advocating Trump to fill these positions, emphasizing presidential discretion. He acknowledged potential resource needs should the CFTC become the primary regulator for digital commodities, advocating a ""technology-first approach"" to enhance agency efficiency, and defended the role of prediction markets as legitimate tools for hedging and risk management. Aave is Now on Sony's Soneium Aave has launched on Soneium, an Ethereum Layer-2 blockchain supported by electronics giant Sony, CoinDesk previously reported. This integration includes exploring real-world applications of Aave's decentralized overcollateralized stablecoin, GHO, across payments, savings, and digital commerce. Aave's involvement will extend to liquidity incentive campaigns, notably partnering with Astar, a significant blockchain player in Japan’s Web3 scene, with a dedicated 100 million ASTR allocation ($4 million) to boost adoption. Soneium already hosts a vibrant 7-million user ecosystem featuring prominent platforms like Uniswap v4, Velodrome, Stargate, and Lido, alongside native protocols Kyo Finance and SuperVol. Stani Kulechov, Aave Labs' founder, emphasized Sony’s global trust and Soneium’s consumer-centric approach as key advantages, aligning with Aave’s strategy of expanding accessibility and mainstream reach. Market Movements BTC: BTC trades below $110K as exchange reserves drop sharply, signaling strong accumulation amid significant short liquidations. ETH : Ethereum surged 6.9% to $2,803 amid triple-average trading volume, reflecting strong institutional conviction driven by significant ETF inflows and BlackRock’s sizable ETH accumulation. Gold: Spot gold neared $3,350 Tuesday, buoyed by cautious optimism over US-China trade talks despite a firmer US dollar. Nikkei 225: Asia-Pacific markets rose Wednesday amid optimism over ""productive"" U.S.-China trade talks, with Japan's Nikkei 225 gaining 0.69% at open. S&P 500: The S&P 500 gained 0.6% Tuesday, approaching record highs above 6,000, buoyed by investor optimism on U.S.-China trade talks and Tesla's rise amid Elon Musk's robotaxi announcements. Elsewhere in Crypto: Will tariffs be the catalyst for bitcoin’s decoupling? (Blockworks) Blockchain Initiatives Have Been Adopted by 60% of Fortune 500 Companies: Coinbase Survey (CoinDesk) Japan’s SBI Holdings says it invested $50 million in Circle during IPO (The Block)",coindesk,https://www.coindesk.com/markets/2025/06/10/asia-morning-briefing-coinbase-premium-not-bank-of-japan-rates-might-be-the-metric-to-watch-for-btc,"ASIA|BTC|EXCHANGE|MARKET|TRADING","Markets|News",cryptocompare
2025-06-11T01:07:46,"Whale 0x1f25 Increases BTC Long Position with $7.5M USDC Deposit on Hyperliquid","According to COINOTAG News on June 11, blockchain analytics platform lookonchain has identified a significant transaction involving the whale address 0x1f25. This entity has injected an additional $7.5 million USDC",coinotag,https://en.coinotag.com/breakingnews/whale-0x1f25-increases-btc-long-position-with-7-5m-usdc-deposit-on-hyperliquid/,"BLOCKCHAIN|BTC|ZRX|USDC","",cryptocompare
2025-06-11T01:00:53,"Owning 10,000 XRP? You’re Among Crypto’s Elite, Expert Claims","According to crypto entrepreneur Edoardo Farina, most individual XRP holders could find themselves shut out as inflation and tight budgets squeeze their options. He argues that owning more than 10,000 XRP – which costs about $23,100 at a price of $2.31 per token – has become a barrier for anyone living paycheck to paycheck. Related Reading: Relentless Bitcoin Accumulation: Strategy Snaps Up 1,045 More BTC Rich List Data Reveals Concentration Based on reports, there are about 6.55 million XRP wallet addresses in existence. Less than 4% of those wallets contain at least 10,000 XRP. A clear majority, over 5 million addresses, hold 500 XRP or fewer. That gap shows how stacked the system is. More than 166,250 wallets sit in the 10,000–25,000 XRP range. Another 159,566 wallets carry between 5,000 and 10,000 XRP. These figures point to a small group with deep pockets, while the rest trail far behind. Owning more than 10,000 $XRP nowadays is already a luxury few people can afford. — EDO FARINA 🅧 XRP (@edward_farina) June 9, 2025 Inflation Pressures Hit Small Holders Farina warns that rising inflation is forcing ordinary holders to sell just to cover daily needs. He notes, “We’re already seeing people around the world selling their XRP just to buy groceries.” When basic goods cost more each month, people feel they have no choice but to cash out their crypto. It’s a harsh reality. Owning large amounts of XRP has morphed from a luxury into a struggle for survival. Threshold Debate Heats Up He first said 95% of XRP holders risk being priced out. Now he’s raised that warning to 99%. That jump has sparked debate. Some worry it feeds a fear of missing out on a “10,000-XRP club,” while others see it as a wake-up call. Farina questions whether Bitcoin’s rally to about $112,000 really reflects growth, or simply the dollar losing its value. He frames the issue as a tug-of-war between crypto gains and fiat losses. Related Reading: Elon Musk ‘Will Do Anything’ To Make XRP King, Tech Mogul Says Calls For New Income Streams Instead of selling crypto, Farina urges holders to find extra income. He suggests side hustles or online work as ways to avoid cutting into holdings. “If you truly believe XRP has long-term value, selling it now for groceries is exactly what they want you to do,” he said. His advice pushes people to rethink how they earn and where they live. Crypto markets can move on legal news and product launches, not only inflation. Ripple’s ongoing court case and ETF filings could change XRP’s path. Still, Farina’s message taps into a broader concern: the gap between small and large holders may widen as prices climb. Retail investors can still join in. They just need to pace their buys and stay aware of both crypto trends and everyday costs. Featured image from Imagen, chart from TradingView",newsbtc,https://www.newsbtc.com/altcoin/owning-10000-xrp-youre-among-cryptos-elite-expert-claims/,"ALTCOIN|BTC|MARKET|TRADING|XRP","Altcoin|altcoins|bitcoin|crypto|memecoins|Token|xrp|XRPUSD",cryptocompare
2025-06-11T01:00:09,"Bitcoin Nearing ATH, But Social Media FOMO Signals Warning","Data shows Bitcoin sentiment on social media may be starting to become overheated, a sign that could end up being a threat to the price rally. Bitcoin Social Media Sentiment Is Currently Notably Positive In a new post on X, the analytics firm Santiment has discussed how sentiment around Bitcoin has changed on the major social media platforms after the latest recovery rally. The indicator of relevance here is the “ Positive/Negative Sentiment ,” which compares the level of positive sentiment to negative sentiment around a given cryptocurrency on social media. The metric works by filtering posts/messages/threads containing mentions of the asset and putting them through a machine-learning model that separates between positive and negative comments. The indicator counts up the number of both types of posts and takes their ratio to provide a net representation of social media. Now, here is the chart shared by Santiment that shows the trend in the Positive/Negative Sentiment for Bitcoin over the past month: As displayed in the above graph, the Bitcoin Positive/Negative Sentiment has seen a spike in the zone above the 1.0 mark, which suggests a flood of positive posts related to the asset have hit social media platforms. This turn toward a significant positive sentiment has come as the cryptocurrency’s price has been going through a recovery surge. This isn’t a particularly unusual trend, as excitement tends to rise among traders whenever bullish price action takes place. In the context of the latest surge, especially, an uplift of sentiment isn’t surprising, as it has brought the price close to the all-time high (ATH) . While some hype is to be expected, an excess of it can be something to watch out for. The reason behind this is the fact that Bitcoin and other cryptocurrencies have historically tended to move in the direction that goes contrary to the crowd’s opinion. This means that a surge of greed in the market is something that can lead to a top for the asset’s price. Similarly, a cooldown in sentiment can imply a bullish reversal instead. From the chart, it’s apparent that the Positive/Negative Sentiment declined to a relatively low level a few days ago when Bitcoin saw a drawdown toward $100,000. This fear among social media users may have helped the coin reach a bottom. After the latest spike in the indicator, the situation is now the opposite, with Fear Of Missing Out (FOMO) potentially developing among the investors. It now remains to be seen whether this overexcitement would provide impedance to the price rally or not. BTC Price Bitcoin briefly broke above $110,000 during the past day, but the asset has since seen a minor pullback as it’s now back at $109,500.",bitcoinist,https://bitcoinist.com/bitcoin-nearing-ath-social-media-fomo-end-rally/,"AAVE|ADA|ALTCOIN|ASIA|ATOM|AVAX|AXS|BCH|BLOCKCHAIN|BTC|BUSINESS|COMMODITY|COMP|DOGE|DOT|ETC|ETH|EXCHANGE|FIAT|FIL|LINK|LTC|LUNA|LUNC|MANA|MARKET|MATIC|MINING|REGULATION|SHIB|SOL|SPONSORED|TECHNOLOGY|TRADING|TRX|UNI|USDT|WALLET|XLM|XMR|XRP|XTZ|ZEC|ZRX|OTHER|RESEARCH|APT|ARB|BITTENSOR|BNB|CRO|WIF|FDUSD|HBAR|ICP|IMX|INJ|LDO|MNT|NEAR|NOT|PEPE|SUI|TON|USDC|AR|FLOKI|ONDO|BGB|BONK|BRETT|RUNE|FET|PYTH|SEI|FLR|JUP|BSV|AGX|ENS|ZK|WLD|XAUT|CAKE|OM|APE|LPT|HNT|XDC|FTT|BTG|PEOPLE|MOG|PYUSD|AXL|MEME|RAY|SSV|ARKM|ETHFI|MX|AIRDROP|TOKEN SALE|FORKS|TOKEN LISTING AND DELISTING|ADMINISTRATIVE EVENTS","Bitcoin News|bitcoin|bitcoin fomo|Bitcoin Positive/Negative Sentiment|Bitcoin Social Sentiment|btc|BTCUSDT",cryptocompare
2025-06-11T01:00:03,"Crypto stock winners and losers – MARA, RIOT gain but HOOD loses out","Beyond Bitcoin's rise, what pivotal market events are truly reshaping crypto investments?",ambcrypto,https://ambcrypto.com/crypto-stock-winners-and-losers-mara-riot-gain-but-hood-loses-out/,"BTC|BUSINESS|MARKET","News|News 1|Social|Trading View|ambcrypto",cryptocompare
2025-06-11T00:58:49,"Bitcoin Price Prediction: $200K Target in Sight Amid Trump & Japan Tailwinds","A new political player has entered the crypto stage. American Bitcoin (ABTC), backed by Donald Trump Jr. and Eric Trump, has quietly accumulated over 215 BTC, valued at $23 million, since its launch on April 1. As revealed in a recent SEC filing dated June 6, ABTC isn’t just a mining company; it’s a Bitcoin accumulation vehicle with long-term ambitions. Operating over 60,000 miners housed in Hut 8 facilities, ABTC generates over 10.17 EH/s of hashpower without owning any real estate. Instead of converting mined Bitcoin into cash, the company stores its reserves securely using Coinbase Custody. Eric and Donald Trump Jr.-backed American #Bitcoin quietly accumulates 215 $BTC ($23M+) since April launch ahead of public merger. pic.twitter.com/OXP9wZvDRS — amit malik (@amitmalikmalik) June 10, 2025 With Eric Trump joining the board and a public listing in the works via a merger with Gryphon Digital Mining, the company is tying its identity and brand equity to Bitcoin itself. Key points: ABTC’s mining approach focuses on BTC accumulation, not fiat conversion. Trump family’s backing adds political clout and media visibility. Market sees this as bullish supply-side pressure—less BTC on exchanges. U.S. Charges $500M Crypto Laundering Plot While ABTC builds a bullish case, U.S. regulators dropped a bombshell. The DOJ arrested Iurii Gugnin, founder of Evita Pay and Evita Investments, for laundering over $500 million through U.S. banks and crypto platforms, mainly using Tether (USDT). U.S. CRACKS DOWN ON CRYPTO KING: SECRET TECH DEALS WITH RUSSIA EXPOSED U.S. prosecutors charged Iurii Gugnin, founder of crypto payments company Evita, with laundering over $500 million and helping Russians get sensitive American tech. Court documents allege Gugnin used… https://t.co/ccVEVtO59E pic.twitter.com/XMQiVOeatj — Mario Nawfal (@MarioNawfal) June 10, 2025 Gugnin is accused of helping sanctioned Russian entities like Sberbank and Rosatom dodge international restrictions. The indictment includes 22 counts of bank fraud, each carrying up to 30 years in prison. Prosecutors allege he: Bought U.S. technology for banned firms. Falsified documents to hide ties to Russia. Exploited crypto’s opacity to bypass sanctions. This case reinforces growing concerns that digital assets are being used to sidestep international law, prompting stricter global oversight. Still, Bitcoin’s transparent and decentralized nature differentiates it from intermediated platforms and may continue to attract regulatory favor. Japan’s QE Pivot May Ignite Bitcoin Rally Meanwhile, BitMEX co-founder Arthur Hayes sees a potential global liquidity wave on the horizon. If the Bank of Japan (BoJ) resumes quantitative easing (QE) at its June 16–17 meeting, Hayes believes it could be the next big tailwind for Bitcoin. The Bank of Japan's upcoming policy meeting could impact global risk assets. If they shift to QE, $BTC may surge towards $200K as it becomes a hedge against sovereign risks. Read the full article https://t.co/i2bvc3IJ2I — Nova – {News} AI Agent (@ChainGPTAINews) June 10, 2025 Why? Japan recently signaled plans to reduce bond purchases by ¥400 billion per quarter. But with rising yields, 30-year JGBs hit 3.185% in May—officials may reverse course. Bitcoin previously surged to $112,000 when yields spiked, suggesting investors see it as a hedge against sovereign debt instability. Hayes predicts: QE would boost risk assets, including BTC. Institutions may turn to Bitcoin as a “counterparty-risk-free” asset. A renewed rally could push Bitcoin toward the $200,000 mark in 2025. Bitcoin Technical Outlook: $112K and Beyond? Technically, Bitcoin price prediction is bullish as BTC remains in a bullish ascending channel on the 2-hour chart, trading above the 50-EMA ($107,510) and making consistent higher lows. A bullish engulfing candle on June 9 pushed the price above a key barrier at $108,627, with current resistance at $110,668. Bitcoin Price Chart – Source: Tradingview The MACD is flattening, hinting at weakening momentum, while candlesticks show upper wicks—a sign of hesitation. A confirmed breakout above $111,000 could ignite momentum toward $112,000 and $113,500. Technical Levels to Watch: Support: $108,000 (channel base), $107,510 (50-EMA) Resistance: $111,000, $113,500 Trade idea: Buy on breakout or bounce off 50-EMA with a tight stop-loss Conclusion Macro shifts, regulatory crackdowns, and high-profile political support are reshaping the narrative surrounding Bitcoin. As ABTC accumulates, Japan considers more stimulus, and chart patterns remain constructive, the path toward $200K is no longer a fringe theory; it’s a data-backed possibility. BTC Bull Token Nears $8M Cap as 58% APY Staking Attracts Last-Minute Buyers With Bitcoin trading near $102K, investor focus is shifting toward altcoins, especially BTC Bull Token ($BTCBULL) . The project has now raised $7,032,776.85 out of its $8,011,104 cap, leaving less than $1 million before the next token price hike. The current price of $0.002555 is expected to increase once the cap is hit. BTC Bull Token links its value directly to Bitcoin through two core mechanisms: BTC Airdrops reward holders, with presale participants receiving priority. Supply Burns occur automatically every time BTC increases by $50,000, reducing $BTCBULL’s circulating supply. The token also features a 58% APY staking pool holding over 1.81 billion tokens, offering: The token also features a 61% APY staking pool holding over 1.73 billion tokens, offering: No lockups or fees Full liquidity Stable passive yields, even in volatile markets This staking model appeals to both DeFi veterans and newcomers seeking hands-off income. With just hours left and the hard cap nearly reached, momentum is building fast. BTCBULL ’s blend of Bitcoin-linked value, scarcity mechanics, and flexible staking is fueling strong demand. Early buyers have a limited time to enter before the next pricing tier activates. The post Bitcoin Price Prediction: $200K Target in Sight Amid Trump & Japan Tailwinds appeared first on Cryptonews .",cryptonews,https://cryptonews.com/news/bitcoin-price-prediction-200k-target-in-sight-amid-trump-japan-tailwinds/,"ASIA|BTC|FIAT|MINING|TRADING","Price Analysis|Bitcoin|Cryptocurrency",cryptocompare
2025-06-11T00:49:06,"Bitcoin Near $110,000 Amid Institutional Buying Ahead of U.S. Inflation Data and Fed Rate Outlook","Bitcoin is trading near two-week highs around $110,000 as investors closely monitor upcoming U.S. inflation data that could influence Federal Reserve interest rate decisions. Institutional buying and strategic positioning have",coinotag,https://en.coinotag.com/bitcoin-near-110000-amid-institutional-buying-ahead-of-u-s-inflation-data-and-fed-rate-outlook/,"BTC|BUSINESS|FIAT|TRADING","News|BTC",cryptocompare
2025-06-11T00:41:56,"Bitcoin Steadies Near $110K as Traders Await Inflation Data, Fed Signals","Bitcoin is trading close to two-week highs near $110,000 as investors await U.S. inflation data that may shape the Fed’s rate outlook.",decrypt,https://decrypt.co/324534/bitcoin-steadies-near-110k-as-traders-await-inflation-data-fed-signals,"BTC|BUSINESS|MARKET|TRADING","|Markets",cryptocompare
2025-06-11T00:30:34,"Bitwise CEO: Bitcoin Hits No-Sell Zone Above $130K-$150K","Bitwise’s CEO makes a bold prediction: bitcoin holders will stop selling once the crypto hits the $130K-$150K range, potentially sparking unprecedented price surges. Bitwise’s CEO Declares: No One is Going to Sell Their Bitcoin Above This Price Level Bitwise Asset Management CEO Hunter Horsley shared his expectation on social media platform X on June 10",bitcoin.com,https://news.bitcoin.com/bitwise-ceo-bitcoin-hits-no-sell-zone-above-130k-150k/,"BTC|TRADING","Markets and Prices|Bitcoin (BTC)|Bitwise",cryptocompare
2025-06-11T00:25:55,"Bitcoin Shows Potential for Further Gains Amid Cautious Market Sentiment and U.S.-China Trade Talks","Bitcoin’s recent surge to $110K highlights renewed optimism amid ongoing U.S.-China trade negotiations, sparking a notable rebound in the crypto market. Ethereum outperformed Bitcoin with a 7% increase, driven by",coinotag,https://en.coinotag.com/bitcoin-shows-potential-for-further-gains-amid-cautious-market-sentiment-and-u-s-china-trade-talks/,"BTC|ETH|MARKET|UNI|WIF","Bitcoin|Ethereum|News|Aave|BTC|ETH|UNI|WIF",cryptocompare
2025-06-11T00:18:40,"Bitcoin’s Recent Surge May Influence Meme Token Gains Amid Market Volatility and Retail Speculation","Bitcoin’s recent surge to a two-week high has sparked notable speculative rallies in meme tokens like Fartcoin and WIF, highlighting increased retail investor activity. This uptick reflects broader market volatility,",coinotag,https://en.coinotag.com/bitcoins-recent-surge-may-influence-meme-token-gains-amid-market-volatility-and-retail-speculation/,"BTC|BUSINESS|ETH|MARKET|WIF","Analysis|News|BTC|ETH",cryptocompare
2025-06-11T00:16:56,"New Jersey May Allow Bitcoin Donations in Gubernatorial Primaries Amid Regulatory Safeguards","New Jersey has become a trailblazer in electoral finance by officially allowing cryptocurrency donations for its upcoming gubernatorial primaries, marking a pivotal shift in political campaign funding. This innovative move",coinotag,https://en.coinotag.com/new-jersey-may-allow-bitcoin-donations-in-gubernatorial-primaries-amid-regulatory-safeguards/,"BTC|ETH|IMX","News|BTC|ETH|IMX",cryptocompare
2025-06-11T00:13:54,"Bernstein Suggests Bitcoin Could Reach $200,000 by 2025 Amid Growing Institutional Interest","Bernstein, a leading global asset management firm, confidently forecasts Bitcoin’s price to reach $200,000 by 2025, underscoring strong institutional confidence and macroeconomic factors. The firm’s latest Digital Assets Memo highlights",coinotag,https://en.coinotag.com/bernstein-suggests-bitcoin-could-reach-200000-by-2025-amid-growing-institutional-interest/,"BTC|ETH|TRADING","Bitcoin|News|BTC|Core|ETH",cryptocompare
2025-06-11T00:06:51,"Filing changes accelerated Solana ETF approvals","The US Securities and Exchange Commission (SEC) is reportedly fast-tracking the Solana ETFs with possible approvals expected in about three to five weeks, according to sources. This comes as the SEC has requested issuers that are launching the Solana ETFs to submit their updated filings especially for the S-1 form within a week potentially signaling approvals. Filing changes signal accelerated Solana ETF approvals A source cited by Blockworks has suggested the filing changes could accelerate the Solana ETF approval, possibly in July or within three to five weeks, before October when most of the final deadlines for a SEC decision expire. According to two sources that spoke with Blockworks, the SEC will provide comments the S-1 forms within a space of 30 days of submission. The agency reportedly solicited for explanations from companies on how investors will get their money back in crypto. It’s also pushing to know if companies plan to include staking, which means earning rewards by helping run the Solana network. The SEC is also said to be open to allowing staking as part of these products. “If staking gets approved, it changes the game” said one enthusiast identified as Crypto Racoon on X platform. NEW: “THE SEC HAS ASKED PROSPECTIVE SOLANA ETF ISSUERS TO SUBMIT AMENDED S-1 FORMS WITHIN THE NEXT WEEK, PER 3 SOURCES. THE AGENCY WILL THEN COMMENT ON THE FILINGS WITHIN 30 DAYS” – PER BLOCKWORKS’ @whosknave pic.twitter.com/f0rRuAEObx — DEGEN NEWS (@DegenerateNews) June 10, 2025 Several companies are waiting for SEC approvals for Solana ETFs Numerous asset managers are lining up to offer a Solana ETF including Grayscale, VanEck, 21Shares, Bitwise, Franklin Templeton, and Canary Capital pending approvals by the regulator. According to Bloomberg analysts Eric Balchunas and James Seyffart, the odds of approval in 2025 are at 90%, which matches their forecast for LitecoinETF approval. “We think the SEC may now focus on handling 19b-4 filings for Solana and staking ETFs earlier than planned.” Bloomberg analysts. Seyffart indicated this week that SEC may prioritize reviewing 19b-4 filings for Solana and bet ETFs sooner than expected, adding that the issuers and industry players have likely been working with SEC together with its crypto taskforce to finalize the details. He also added that Solana and XRP already have futures-based ETFs, which usually makes it easier for the SEC to give a not to spot ETFs. Last month the regulator delayed a decision on Grayscale’s Solana ETF indicating that it had not “reached any conclusions” on the19b-4 filing to list the proposed ETF. The delay was viewed as procedural rather than rejection. Grayscale wants to convert its SOL Trust into a spot ETF, reflecting the path it used to list Bitcoin and Ethereum ETF funds. The firm’s filing was delayed on May 13, while Franklin Templeton’s proposal was delayed on April 30, according to SEC. In the meantime, filings by Fidelity and VanEck were postponed on May 19. After the historic approval of spot Bitcoin ETFs in January 2024 and Ethereum ETF in May this year, attention has now turned to other top digital assets like Solana. News of the development sent SOL 4% up, bringing its price close to $165 per trading view data. Cryptopolitan Academy: Want to grow your money in 2025? Learn how to do it with DeFi in our upcoming webclass. Save Your Spot",cryptopolitan,https://www.cryptopolitan.com/sec-may-approve-solana-etf-as-early-as-in-july/,"BTC|ETH|REGULATION|SOL|TRADING","News|Solana ETF",cryptocompare
2025-06-11T00:00:53,"Why is crypto up today? Bitcoin in a short squeeze as U.S-China talks fuel rally","Experts remain cautious despite the early week Bitcoin pump.",ambcrypto,https://ambcrypto.com/why-is-crypto-up-today-bitcoin-in-a-short-squeeze-as-u-s-china-talks-fuel-rally/,"BTC|MARKET|TRADING","Analysis|Bitcoin|BTC Trading View|News|News 1|Social|Trading View|ambcrypto",cryptocompare
2025-06-10T23:57:16,"Saylor defends Strategy’s operating model against Chanos’s trust comparison","Strategy Executive Chairman Michael Saylor has fired back at famed short-seller Jim Chanos, rejecting his call to short shares of the Bitcoin-heavy tech firm and buy the cryptocurrency instead. In a Bloomberg TV interview on Tuesday, Saylor argued that Chanos fundamentally misunderstands Strategy’s business model, calling the arbitrage thesis “misguided.” Chanos, known for shorting companies he deems overvalued, recently suggested investors should bet against bet against Srategy due to its substantial premium over the firm’s Bitcoin-adjusted book value. That premium, which exceeded 200% at one point in 2024, has been a focal point for skeptics who view Strategy as a glorified Bitcoin holding company. But Saylor pushed back. “I don’t think he understands what our business model is,” he said. “We’re actually the largest issuer of Bitcoin-backed credit instruments in the world.” Saylor defends Strategy’s operating model against Chanos’s trust comparison Saylor emphasized that unlike Bitcoin trusts or closed-end funds, Strategy retains the flexibility to actively manage capital by issuing new financial instruments and leveraging its balance sheet. “Trusts can’t leverage Bitcoin. They can’t issue preferred shares, they can’t issue permanent shares at a premium. We can,” Saylor asserted. “What [Chanos] still doesn’t understand is that we are not a holding company or a closed-end trust — we are an operating company.” Strategy, formerly known as MicroStrategy, has recently pivoted its capital-raising strategy. Rather than issuing convertible bonds or diluting shareholders through common stock sales, the firm has embraced preferred stock instruments to finance its aggressive Bitcoin acquisitions. This includes the newly launched STRK (Strike), STRF (Strife), and STRD (Perpetual Stride) preferred shares — a trio of high-yield offerings that collectively raised nearly $1 billion last week. Saylor accuses Chanos of misjudging business model Chanos has not responded to Saylor’s latest remarks. But Saylor was unsparing in his critique of the hedge fund manager’s valuation approach. Saylor said Chanos is valuing the business, generating $8.4 billion of shareholder value at zero, and he is hoping the equity will somehow trade to NAV. He continued to say that Chanos is not paying attention to if Strategy can issue preferred shares that yield 10% and invest that in Bitcoin, which has been going up by 57% for the past four and a half years. Saylor noted that the company is capturing the 47% arbitrage, effectively risk-free for their common stock shareholders. As of Tuesday, Strategy held approximately 582,000 Bitcoin — valued at about $63 billion — making it the largest corporate holder of the asset globally. The company has made over 70 Bitcoin purchase announcements since mid-2020 when Saylor initiated the strategy of using corporate funds to buy the digital currency. Saylor plans stock buybacks to squeeze shorts if premium narrows Saylor also hinted at future financial maneuvers to counter short-seller strategies. Should the premium on Strategy’s stock narrow too much, the firm could issue more preferred shares and use the proceeds to repurchase common shares, further tightening supply and squeezing shorts. “If the stock trades at a weak premium, we’re just going to sell the preferred,” he said. “And if the stock rallies up, he’s going to get liquidated and wiped out.” While the war of words between Chanos and Saylor may intensify, it reflects a broader debate over how to value a Bitcoin-centric operating company in a market still grappling with crypto’s integration into traditional finance. For now, Saylor remains unapologetically bullish — on Bitcoin and Strategy’s ability to outperform critics. Cryptopolitan Academy: Tired of market swings? Learn how DeFi can help you build steady passive income. Register Now",cryptopolitan,https://www.cryptopolitan.com/saylor-dismisses-chanoss-bitcoin-call/,"BTC|BUSINESS|MARKET|TRADING|STRK","News|Michael Saylor|Strategy",cryptocompare
2025-06-10T23:50:44,"SEC May Approve Spot Solana ETF Amid Staking Considerations and Industry Interest","The U.S. Securities and Exchange Commission (SEC) is poised to approve a spot Solana (SOL) exchange-traded fund (ETF) within the coming months, signaling a pivotal development in crypto asset investment",coinotag,https://en.coinotag.com/sec-may-approve-spot-solana-etf-amid-staking-considerations-and-industry-interest/,"BTC|ETH|EXCHANGE|REGULATION|SOL","News|BTC|ETH|SOL",cryptocompare
2025-06-10T23:38:32,"Connecticut Passes Bill that Bans State from Bitcoin and Virtual Currency Investments","The post Connecticut Passes Bill that Bans State from Bitcoin and Virtual Currency Investments appeared first on Coinpedia Fintech News The state of Connecticut has passed a law to prohibit the state from investing in Bitcoin (BTC) or in any other virtual currency. The bill dubbed HB7082 and officially titled “An Act Concerning the Regulation of Virtual Currency and State Investments” imposed a comprehensive ban for the state and local governments from investing into crypto assets. The law also introduced new stringent regulations for crypto business within Connecticut’s jurisdiction. Notably, payment applications handling crypto assets in Connecticut must henceforth verify parental consent for users under the age of 18. The bill also stipulated that crypto businesses must adhere to strict anti-money laundering (AML) compliance. NEW: Connecticut passes law to ban state investment in bitcoin. HB7082 prohibits the state from accepting, holding, or investing in any virtual currencies. It also imposes several new requirements on money transmitters. pic.twitter.com/lKozljMp1R — Bitcoin Laws (@Bitcoin_Laws) June 10, 2025 Connecticut Moves Against the Wave for Bitcoin Adoption As Coinpedia has severally reported , several states in the United States have been pushing towards implementing a strategic Bitcoin Reserve (SBR). The states have been following a similar stance by the Donald Trump administration, which intends to implement an SBR in the near future. Earlier on Tuesday, the state of Louisiana announced that it will form a committee to study artificial intelligence (AI), blockchain, and cryptocurrency. “WHEREAS One in five Americans owns cryptocurrency…it is in the interest of Louisiana to consider the benefits and challenges of these technologies,” the state noted.",coinpedia,https://coinpedia.org/news/connecticut-passes-bill-that-bans-state-from-bitcoin-and-virtual-currency-investments/,"BLOCKCHAIN|BTC|BUSINESS|FIAT|REGULATION","News|Bitcoin|Crypto news|Crypto Regulations",cryptocompare
2025-06-10T23:35:45,"Bitcoin Defies Odds to Shatter Historical Price Records","Bitcoin sustained $100,000 trading for 30 days, reaching $111,980 at its peak. Institutional interest rises with legislative support and increased adoption as a reserve asset. Continue Reading: Bitcoin Defies Odds to Shatter Historical Price Records The post Bitcoin Defies Odds to Shatter Historical Price Records appeared first on COINTURK NEWS .",cointurken,https://en.coin-turk.com/bitcoin-defies-odds-to-shatter-historical-price-records/,"BTC|FIAT|TRADING","Bitcoin (BTC)",cryptocompare
2025-06-10T23:30:23,"Ethereum Approaches Decisive Level –  Trading Around 200 DMA Resistance","Ethereum is showing renewed strength after climbing above the $2,600 mark with ease, holding firmly above key support levels as bulls attempt to reclaim momentum. The move comes after weeks of range-bound price action, and while the breakout attempt has gained attention, traders are now watching closely for confirmation through a decisive push above the next resistance zone. Related Reading: Ethereum Weekly Structure Tightens – Tower Top Pattern In Play? So far, ETH has held up well despite broader market volatility. With buyers back in control, the focus has shifted to whether Ethereum can break through the upper boundary of its current range and begin a sustained move higher. Without follow-through, price risks slipping back into consolidation, frustrating bullish positioning. Top analyst Big Cheds recently shared a technical analysis highlighting that Ethereum is now pushing into weekly range highs, specifically a zone defined by a cluster of upper shadows and the underside of the 200-day moving average (DMA). This region has repeatedly acted as resistance, rejecting previous rally attempts. Ethereum Bulls Eye Breakout Confirmation Ethereum is at a critical juncture as bulls push price toward the $2,800 resistance — a level that must be decisively cleared to confirm a breakout and transition into a full bullish phase. After a sharp rebound from April’s low, where ETH traded near $1,400, the asset has surged more than 90%, reclaiming key moving averages and breaking through previous short-term resistance levels. Momentum is clearly building, but Ethereum now faces its most important test. The $2,800 zone marks the top of the current range and coincides with multiple technical barriers. Cheds highlighted that ETH is now trading into weekly range highs, where a cluster of upper shadows has repeatedly rejected price. This region also aligns with the underside of the 200-day moving average (DMA), reinforcing it as a major zone of resistance. According to Cheds, the bear thesis fails if ETH can flip $2,750 into support — a level that would likely signal trend reversal and sustained upside. However, macro risks remain. US Treasury yields continue to climb, reflecting concerns over inflation and tighter financial conditions. Rising yields often put pressure on risk assets, including cryptocurrencies, by pulling liquidity out of speculative markets. Despite these headwinds, Ethereum’s structure remains strong. As long as bulls maintain pressure and defend higher lows, the path toward reclaiming $3,000 becomes more probable. A confirmed breakout above $2,800 would likely trigger increased participation, both from technical traders and investors sidelined by recent volatility. Until then, ETH remains rangebound — but the momentum is clearly shifting in favor of the bulls. Related Reading: Ethereum Consolidates As Momentum Builds – Analyst Has $3K In Sight For June ETH Reaches Key Resistance Zone After Breakout Ethereum is currently trading at $2,688 on the 4-hour chart, after a strong breakout from a multi-day ascending triangle structure. The move was backed by rising volume and a clean reclaim of all major moving averages — the 50 SMA ($2,558), 100 SMA ($2,571), and 200 SMA ($2,535) — which now act as support beneath price. ETH has pushed directly into a key resistance zone between $2,690 and $2,735, highlighted by several previous rejection wicks. This area has acted as a supply zone since mid-May, capping every breakout attempt and leading to swift pullbacks. The current test marks Ethereum’s fifth attempt to break above this level in recent weeks, which increases the odds of a potential breakout, especially if bulls maintain momentum and volume remains elevated. Related Reading: Bitcoin And Ethereum Defend Key Moving Averages – Bullish Signal Or Temporary Relief? However, if ETH fails to clear this zone, a pullback toward the 200 SMA or the $2,600 level is likely, especially if volume tapers off. The structure remains bullish in the short term, with higher lows forming and buying pressure increasing. A confirmed 4H close above $2,735 would signal breakout confirmation and likely trigger a push toward $2,900–$3,000. Until then, ETH remains rangebound — but bulls are clearly pressing on the door. Featured image from Dall-E, chart from TradingView",newsbtc,https://www.newsbtc.com/news/ethereum/ethereum-approaches-decisive-level-trading-around-200-dma-resistance/,"BTC|BUSINESS|ETH|MARKET|TRADING","Ethereum",cryptocompare
2025-06-10T23:30:00,"Russia Set to Fine, Confiscate Coins from Illegal Crypto Miners","Illegal crypto miners operating in Russia could lose their coins and face heavy fines under new rules formulated by the nation’s Ministry of Digital Development, Communications, and Mass Media. Per a report from Forbes Russia , the ministry says its proposal is currently undergoing interdepartmental review. However, if the plans are adopted as-is, Russian law agencies and courts will be given the power to seize crypto from illegal miners. Russia: Miners May Be Fined for Flaunting Bans Under the new proposal, Russian judges will also be able to punish individuals engaging in illegal mining. Courts will be able to hand out fines worth between 100,000 to 200,000 rubles ($1,272 to $2,544). Maksut Shadayev, the Russian Minister of Digital Development, Communications, and Mass Media, speaking at the Federation Council earlier this year. (Source: Federation Council/VK/Screenshot) Forbes Russia says it has seen the ministry’s proposal. It says Moscow also wants to fine and confiscate crypto from any individual found illegally participating in a mining pool. Harsher fines still lie in store for solo entrepreneurs and officials. This group will have to pay between 200,000 and 400,000 rubles ($2,544 to $5088) if convicted. Authorities will also gain the power to take coins from industrial miners who flaunt crypto mining rules. The new rules will let courts impose a fine of 1 million ($12,728) to 2 million rubles ($25,456) on corporations involved in illegal mining. The ministry wants to amend the country’s Code of Administrative Offenses, seeking to effectively make illegal mining a criminal offense. BTC hashrate distribution amongst the largest known mining pools over the past four days. (Source: Blockchain.com) Crypto Payments Could Also Be Criminalized Under a law that came into force last year, unregistered Russian individuals can mine crypto at home, provided they do not use more than 6,000 kWh per month. However, in some 10 Russian and Russian-controlled regions, mining restrictions apply. The law also states that people with unexpunged convictions for economic crimes, or those convicted of extremist or terrorist crimes, cannot mine crypto. The law also bans certain electricity and grid management firms from mining crypto. Additionally, the ministry plans to punish individuals and firms for making settlements in crypto in Russia outside the Central Bank-run crypto sandbox. The ministry’s proposals include plans to fine people and firms who use crypto as a payment tool up to 1 million rubles ($12,728). The Central Bank, however, appears to think that the threat of confiscating coins from people who seek to do business in crypto will be a bigger deterrent. Andrey Medvedev, the bank’s Legal Department lead, told attendees at the St. Petersburg International Legal Forum last month: “The key thing is that the [crypto] illegally used as a means of payment will be confiscated. And this will be the most painful thing.” Russia and China say the Pentagon's proposed missile-defense shield will be destabilizing. Their behavior in space already is https://t.co/PJtH6GW2xD — Bloomberg Opinion (@opinion) June 10, 2025 No New Russian Mining Bans The draft law also include clauses pertaining to mining infrastructure operators who fail to declare their operations to the anti-money laundering agency Rosfinmonitoring. In Russia, the term mining infrastructure operators usually refers to data center providers and crypto mining hotel firms. The law requires these firms to inform Rosfinmonitoring about the crypto mined at their facilities, as well as their crypto wallet identifier addresses. Crypto CEO accused of laundering $500 million linked to sanctioned Russian banks https://t.co/0KOUWvq5CS — CNBC (@CNBC) June 9, 2025 The development comes just days after the government decided against imposing new mining bans in more of Russia’s regions. A government energy commission, chaired by Deputy Prime Minister Alexander Novak, ruled against a proposal to ban mining in Khakassia. The commission also decided to postpone a proposed year-round ban on mining in the Zabaikalsky Krai and Buryatia regions. This year, Moscow has approved a year-round ban on crypto mining in the southern part of the nation’s de facto Bitcoin mining capital Irkutsk. The post Russia Set to Fine, Confiscate Coins from Illegal Crypto Miners appeared first on Cryptonews .",cryptonews,https://cryptonews.com/news/russia-set-to-fine-confiscate-coins-from-illegal-crypto-miners/,"ASIA|BTC|FIAT|MINING|REGULATION","Blockchain News|Crypto Mining|Russia",cryptocompare
2025-06-10T23:14:37,"U.S. Bitcoin Demand May Be Rising Amid Elevated Coinbase Premium and Large Exchange Withdrawals","The U.S. Bitcoin market is witnessing a significant resurgence, highlighted by a rising Coinbase Premium and massive exchange withdrawals signaling strong investor conviction. Recent data reveals that over 550,000 BTC",coinotag,https://en.coinotag.com/u-s-bitcoin-demand-may-be-rising-amid-elevated-coinbase-premium-and-large-exchange-withdrawals/,"BTC|BUSINESS|EXCHANGE|MARKET","Analysis|Bitcoin|News|BTC",cryptocompare
2025-06-10T23:12:46,"Bitcoin Fund Assets May Reach Record $167 Billion Amid Growing Institutional Interest Post-ETF Approval","Crypto fund assets surged to an unprecedented $167 billion in May 2025, signaling robust institutional interest amid evolving market conditions. Despite this remarkable growth, major crypto CEOs have remained notably",coinotag,https://en.coinotag.com/bitcoin-fund-assets-may-reach-record-167-billion-amid-growing-institutional-interest-post-etf-approval/,"BTC|MARKET|FLOW","Bitcoin|News|BTC|FLOW",cryptocompare
2025-06-10T22:58:25,"Connecticut Bans State Investments in Bitcoin Under New Law","While various U.S. states are passing bills to form a strategic Bitcoin reserve (SBR), Connecticut passed a new…",cryptonewsz,https://www.cryptonewsz.com/connecticut-bans-state-investments-bitcoin-law/,"BTC|FIAT|REGULATION","Bitcoin News",cryptocompare
2025-06-10T22:54:05,"Alby Users Report Possible BTC Withdrawals from Inactive Wallets Amid Transparency Concerns","Alby Lightning Network wallet users report unexpected Bitcoin withdrawals from inactive legacy wallets, sparking widespread concern over updated terms allowing fund removal after 12 months of inactivity. The policy, applied",coinotag,https://en.coinotag.com/alby-users-report-possible-btc-withdrawals-from-inactive-wallets-amid-transparency-concerns/,"BTC|ARKM","Bitcoin|News|ARKM|BTC",cryptocompare
2025-06-10T22:52:47,"Bitcoin Breakout From Bullish Triangle Suggests Potential Continuation Amid Positive Market Sentiment","Bitcoin has recently broken out of a bullish triangle pattern, signaling a potential continuation of its upward momentum in the crypto market. This breakout aligns with renewed capital inflows and",coinotag,https://en.coinotag.com/bitcoin-breakout-from-bullish-triangle-suggests-potential-continuation-amid-positive-market-sentiment/,"BTC|MARKET|TRADING","Analysis|Bitcoin|News|BTC",cryptocompare
2025-06-10T22:42:44,"Solana ETFs Could Potentially Receive Approval as Early as July 2025, SEC Review Underway","Solana ETFs are on the brink of approval, with the U.S. SEC requesting updated filings that could lead to a July 2025 green light, marking a pivotal moment for crypto",coinotag,https://en.coinotag.com/solana-etfs-could-potentially-receive-approval-as-early-as-july-2025-sec-review-underway/,"BTC|ETH|REGULATION|SOL|XRP","News|BTC|ETH|SOL|XRP",cryptocompare
2025-06-10T22:37:48,"Ether Price Near $2,800 Amid Bearish Options Strategies and Potential Altcoin ETF Impact","Ether (ETH) maintains resilience near $2,800 despite increased bearish options activity, reflecting complex trader sentiment amid recent rallies. Institutional interest in ETH options has surged, with sophisticated strategies like risk",coinotag,https://en.coinotag.com/ether-price-near-2800-amid-bearish-options-strategies-and-potential-altcoin-etf-impact/,"ALTCOIN|BTC|ETH|SOL|TRADING","News|BTC|SOL|XRP",cryptocompare
2025-06-10T22:25:38,"BlackRock’s IBIT ETF Nears $70 Billion AUM, Suggesting Growing Institutional Interest in Bitcoin","BlackRock’s IBIT ETF has set a new benchmark by surpassing $70 billion in assets under management (AUM) in just 341 days, marking a historic milestone in the cryptocurrency investment landscape.",coinotag,https://en.coinotag.com/blackrocks-ibit-etf-nears-70-billion-aum-suggesting-growing-institutional-interest-in-bitcoin/,"BTC","News|BTC",cryptocompare
2025-06-10T22:21:50,"American Bitcoin Reports Holding 215 Bitcoin as It Plans Potential Public Listing This Year","American Bitcoin, a mining firm backed by Donald Jr. and Eric Trump, has disclosed holding 215 Bitcoin, signaling a strategic accumulation ahead of its planned public listing. The company’s recent",coinotag,https://en.coinotag.com/american-bitcoin-reports-holding-215-bitcoin-as-it-plans-potential-public-listing-this-year/,"BTC|MINING","News|BTC",cryptocompare
2025-06-10T22:20:09,"Trump Sons-Backed American Bitcoin Has Amassed $23.7 Million in BTC","The Bitcoin mining firm, which aims to go public as soon as this year, has 215 Bitcoin on its balance sheet, according to a recent SEC filing.",decrypt,https://decrypt.co/324511/trump-sons-american-bitcoin-amassed-23-7-million-bitcoin,"BTC|BUSINESS|MINING|REGULATION","|Business",cryptocompare
2025-06-11T00:23:15,"Ether price hits 15-week high: Will $1.8B in short liquidations send ETH above $3K?","ETH open interest reached a record $40 billion as Ether price rallied above $2,800 for the first time in 15 weeks.",Cointelegraph,https://cointelegraph.com/news/ether-price-hits-15-week-high-will-1-8b-in-short-liquidations-send-eth-above-3k?utm_source=rss_feed&utm_medium=rss&utm_campaign=rss_partner_inbound,"","",finnhub
2025-06-10T22:28:20,"ETH price tops $2.8K as options traders open bearish positions: Are bears wrong?","Ether price continues to show strength at $2,800 even as some traders embrace bearish options strategies. What gives?",Cointelegraph,https://cointelegraph.com/news/eth-price-tops-2-8k-as-options-traders-open-bearish-positions-are-bears-wrong?utm_source=rss_feed&utm_medium=rss&utm_campaign=rss_partner_inbound,"","",finnhub
2025-06-10T22:24:31,"Ethereum Foundation highlights UX, social layer as security ‘challenges’","According to the Ethereum Foundation, “a significant burden of security” still falls on users of digital assets.",Cointelegraph,https://cointelegraph.com/news/ethereum-foundation-security-report-ux-social-layer-risks?utm_source=rss_feed&utm_medium=rss&utm_campaign=rss_partner_inbound,"","",finnhub
2025-06-10T19:38:57,"Bitcoin climbs back above $110K and to the highest since May 27","<p>Bitcoin is at the best levels since May 27, rising above $110,000 and within striking distance of the all-time high of $111,965 set on May 22.</p><p>The latest boost comes after Commerce Sec Howard Lutnick said that talks with China were going very well and would hopefully wrap up tonight (it's 8:30 pm in London).</p><p>That set off a round of bids in risk assets, particularly stocks and bitcoin. There may also be a tailwind for bitcoin on fresh EU sanctions on Russia and a proposal for lowering the oil price cap to $45 from $60, along with sanctions on those who sell refined Russian oil back into the EU.</p>
                            This article was written by Adam Button at www.forexlive.com.",Forexlive,https://www.forexlive.com/Cryptocurrency/bitcoin-climbs-back-above-110k-and-to-the-highest-since-may-27-20250610/,"","",finnhub
2025-06-10T19:28:55,"Franklin Templeton launches &#039;intraday yield&#039; for tokenized assets on Benji","Yield for assets is often calculated over at least one-day periods, a problem that blockchain composability could address, according to the asset manager.",Cointelegraph,https://cointelegraph.com/news/franklin-templeton-launches-intraday-yield-tokenized-assets-benji?utm_source=rss_feed&utm_medium=rss&utm_campaign=rss_partner_inbound,"","",finnhub
2025-06-10T19:09:47,"Funding from crypto falls short in New Jersey gubernatorial primaries","Filings with the New Jersey Election Law Enforcement Commission showed only a few small contributions from individuals tied to crypto companies for various candidates.",Cointelegraph,https://cointelegraph.com/news/crypto-funding-new-jersey-gubernatorial-primaries?utm_source=rss_feed&utm_medium=rss&utm_campaign=rss_partner_inbound,"","",finnhub
2025-06-10T18:07:16,"House Agriculture Committee advances crypto market structure bill","The US House Agriculture Committee voted to advance the CLARITY Act for digital assets as lawmakers in the House Financial Services Committee debated an amendment for developers.",Cointelegraph,https://cointelegraph.com/news/house-committee-crypto-market-structure-bill?utm_source=rss_feed&utm_medium=rss&utm_campaign=rss_partner_inbound,"","",finnhub
2025-06-10T18:04:50,"Bitcoin’s &#039;fair value&#039; could be as high as $230K: Bitwise analysts","Trump’s tax cuts and soaring US debt fuel Bitcoin’s rise as a hedge against sovereign default risks, potentially pushing BTC price toward $200,000 or more by 2025.",Cointelegraph,https://cointelegraph.com/news/bitcoin-fair-value-could-be-as-high-as-230k-bitwise-analysts?utm_source=rss_feed&utm_medium=rss&utm_campaign=rss_partner_inbound,"","",finnhub
2025-06-10T17:37:52,"How to use Grok for real-time crypto trading signals","Grok scans posts and sentiment shifts on X to help crypto traders identify early signals, memes and macro-driven momentum plays.",Cointelegraph,https://cointelegraph.com/news/how-to-use-grok-for-crypto-trading?utm_source=rss_feed&utm_medium=rss&utm_campaign=rss_partner_inbound,"","",finnhub
2025-06-10T17:03:06,"Ethereum network growth, spot ETH ETF inflows and price gains lure new investors","Ethereum’s dominance in staking, the spot crypto ETFs, and improving investor sentiment all point toward a sustained ETH price rally.",Cointelegraph,https://cointelegraph.com/news/ethereum-network-growth-spot-eth-etf-inflows-and-price-gains-lure-new-investors?utm_source=rss_feed&utm_medium=rss&utm_campaign=rss_partner_inbound,"","",finnhub
2025-06-10T16:45:42,"Meta’s AI shortfall prompts Zuckerberg’s $15B investment in Scale AI — Report","Mark Zuckerberg is reportedly assembling a superintelligence group that will include Scale AI founder Alexandr Wang.",Cointelegraph,https://cointelegraph.com/news/meta-acquires-49-percent-scale-ai-big-tech-ai-race?utm_source=rss_feed&utm_medium=rss&utm_campaign=rss_partner_inbound,"","",finnhub
2025-06-10T15:44:36,"Investment giant Guggenheim taps Ripple to expand digital debt offering","Guggenheim’s Treasury-backed fixed-income product will be available on the XRP Ledger.",Cointelegraph,https://cointelegraph.com/news/guggenheim-ripple-digital-debt-offering-xrpl?utm_source=rss_feed&utm_medium=rss&utm_campaign=rss_partner_inbound,"","",finnhub
2025-06-10T15:23:54,"Bitcoin traders now see $107K retest before new all-time highs","Bitcoin is due a modest consolidation phase before taking a run at price discovery, says the latet analysis — will US inflation data help it get there?",Cointelegraph,https://cointelegraph.com/news/bitcoin-traders-see-107k-retest-before-new-all-time-highs?utm_source=rss_feed&utm_medium=rss&utm_campaign=rss_partner_inbound,"","",finnhub
2025-06-10T15:00:00,"The NFT market is silently becoming infrastructure","While headlines proclaim the NFT market’s demise, NFTs are quietly shifting from speculative assets to essential digital infrastructure. NFTs are moving beyond speculation to underpin gaming, AI and Web3.",Cointelegraph,https://cointelegraph.com/news/nft-becoming-infrastructure?utm_source=rss_feed&utm_medium=rss&utm_campaign=rss_partner_inbound,"","",finnhub
2025-06-10T14:45:00,"How hackers use fake X links to steal crypto, and how to spot them","Cybercriminals hijack or impersonate trusted X accounts to post phishing links that lead users to fake sites or malicious smart contracts designed to steal crypto.",Cointelegraph,https://cointelegraph.com/explained/how-hackers-use-fake-x-links-to-steal-crypto-and-how-to-spot-them?utm_source=rss_feed&utm_medium=rss&utm_campaign=rss_partner_inbound,"","",finnhub
2025-06-10T14:21:07,"1inch promises faster, smarter, cheaper trades with new upgrade","Decentralized exchange aggregator 1inch claims up to 6.5% better swap rates after its latest update.",Cointelegraph,https://cointelegraph.com/news/1-inch-promises-faster-smarter-cheaper-trades-with-new-upgrade?utm_source=rss_feed&utm_medium=rss&utm_campaign=rss_partner_inbound,"","",finnhub
2025-06-10T14:01:18,"Stablecoins may be safer than bank deposits: Proof of Talk panel","Haun Ventures general partner Diogo Monica claims that stablecoins are safer than commercial bank deposits, but critics warn of transparency issues with issuers like Tether.",Cointelegraph,https://cointelegraph.com/news/stablecoins-may-be-safer-than-bank-deposits?utm_source=rss_feed&utm_medium=rss&utm_campaign=rss_partner_inbound,"","",finnhub
2025-06-10T14:00:00,"Meta’s Bitcoin rejection means Big Tech is still skeptical","The case for holding Bitcoin on a firm’s balance sheet is compelling, CoinShares’ Butterfill told Cointelegraph, and “the pace of adoption is accelerating.”",Cointelegraph,https://cointelegraph.com/news/meta-bitcoin-big-tech?utm_source=rss_feed&utm_medium=rss&utm_campaign=rss_partner_inbound,"","",finnhub
2025-06-10T13:35:52,"Trump-backed American Bitcoin accumulates 215 BTC since April launch","American Bitcoin, backed by Eric Trump and Donald Trump Jr., has quietly amassed over $23 million in BTC while preparing to go public via a Gryphon merger.",Cointelegraph,https://cointelegraph.com/news/eric-trumps-american-bitcoin-hits-215-btc-reserve?utm_source=rss_feed&utm_medium=rss&utm_campaign=rss_partner_inbound,"","",finnhub
2025-06-10T13:30:00,"From ownership to opportunity, Web3 is still on a mission to reshape music","Cointelegraph and Audius are launching a remix contest to spotlight how decentralized platforms are empowering artists and redefining creative ownership to reshape the music industry.",Cointelegraph,https://cointelegraph.com/news/from-ownership-to-opportunity-web3-is-still-on-a-mission-to-reshape-music?utm_source=rss_feed&utm_medium=rss&utm_campaign=rss_partner_inbound,"","",finnhub
2025-06-10T13:20:47,"Mystery whale opens $300M leveraged Bitcoin bet: James Wynn alt account?","The mysterious $300 million leveraged Bitcoin long comes days after Wynn’s second $100 million leveraged Bitcoin position was liquidated, causing a near $25 million loss.",Cointelegraph,https://cointelegraph.com/news/whale-300m-bitcoin-james-wynn-alt?utm_source=rss_feed&utm_medium=rss&utm_campaign=rss_partner_inbound,"","",finnhub
2025-06-10T12:47:00,"Strategy Inc vs. BlackRock: Which is the better Bitcoin proxy stock for your portfolio?","Strategy Inc vs. IBIT: Best Bitcoin Proxy Stock in 2025?",Cointelegraph,https://cointelegraph.com/explained/strategy-inc-vs-blackrock-which-is-the-better-bitcoin-proxy-stock-for-your-portfolio?utm_source=rss_feed&utm_medium=rss&utm_campaign=rss_partner_inbound,"","",finnhub
2025-06-10T11:53:54,"87 deepfake scam rings taken down across Asia in Q1 2025: Bitget report","The Bitget report highlights the severity of deepfake scams, urging both individuals and organizations to adopt more stringent preventive measures.",Cointelegraph,https://cointelegraph.com/news/bitget-deepfake-scam-rings-crackdown-asia-q1-2025?utm_source=rss_feed&utm_medium=rss&utm_campaign=rss_partner_inbound,"","",finnhub
2025-06-10T11:53:07,"‘Apple should buy Bitcoin,’ Saylor says, as share buyback disappoints","Bitcoin exposure may provide a lucrative financial opportunity for Apple’s stock buyback program, according to Michael Saylor.",Cointelegraph,https://cointelegraph.com/news/apple-buy-bitcoin-stock-buybacks-michael-saylor?utm_source=rss_feed&utm_medium=rss&utm_campaign=rss_partner_inbound,"","",finnhub
2025-06-10T10:49:03,"Bank of Japan pivot to QE may fuel Bitcoin rally — Arthur Hayes","The Bank of Japan’s June meeting could trigger a Bitcoin rally if it restarts quantitative easing, as bond yield concerns push institutions toward BTC as a hedge.",Cointelegraph,https://cointelegraph.com/news/boj-june-introduce-qe-next-bitcoin-catalyst-arthur-hayes?utm_source=rss_feed&utm_medium=rss&utm_campaign=rss_partner_inbound,"","",finnhub
2025-06-10T09:00:00,"Trump’s CFTC pick calls blockchain a society-shaping technology","Trump’s CFTC nominee Brian Quintenz says blockchain will reshape industries beyond finance and calls for clear crypto rules to protect US leadership.",Cointelegraph,https://cointelegraph.com/news/trump-cftc-pick-quintenz-blockchain-impact-society?utm_source=rss_feed&utm_medium=rss&utm_campaign=rss_partner_inbound,"","",finnhub
2025-06-10T08:44:01,"Bitcoin Coinbase Premium hits 4-month high as 550K BTC leaves exchanges","Bitcoin demand in the US is rising, while spot exchanges see their reserves decline by one third in less than a year, per new data from CryptoQuant.",Cointelegraph,https://cointelegraph.com/news/bitcoin-coinbase-premium-hits-4-month-high-550k-btc-leaves-exchanges?utm_source=rss_feed&utm_medium=rss&utm_campaign=rss_partner_inbound,"","",finnhub
2025-06-10T07:05:09,"Ripple commits $5M more toward crypto research in APAC","The funds are on top of the $25 million that Ripple committed last month to education nonprofit organizations in the US.",Cointelegraph,https://cointelegraph.com/news/ripple-commits-5-million-crypto-research-apac?utm_source=rss_feed&utm_medium=rss&utm_campaign=rss_partner_inbound,"","",finnhub
2025-06-10T06:55:34,"Société Générale launches US dollar stablecoin on Ethereum and Solana","Société Générale-Forge launches USDCV stablecoin on Ethereum and Solana, with BNY as custodian and global rollout aimed at trading and settlement.",Cointelegraph,https://cointelegraph.com/news/societe-generale-forge-to-launch-a-usd-denominated-stablecoin?utm_source=rss_feed&utm_medium=rss&utm_campaign=rss_partner_inbound,"","",finnhub
2025-06-10T06:24:01,"Crypto social media sees rising interest in AI taking jobs: Santiment","Other narratives of interest on social media included the accumulation of crypto by whales like millionaire crypto trader James Wynn, Solana, Loud Token and various memecoins.",Cointelegraph,https://cointelegraph.com/news/crypto-social-media-sees-rising-interest-in-ai-taking-jobs-santiment?utm_source=rss_feed&utm_medium=rss&utm_campaign=rss_partner_inbound,"","",finnhub
2025-06-10T06:16:17,"South Korea moves to legalize stablecoins with new crypto bill","South Korea’s ruling party under new president Lee Jae-myung is pushing legislation to allow local stablecoin issuance and boost crypto market growth.",Cointelegraph,https://cointelegraph.com/news/south-korea-plan-allow-stablecoins-introduces-bill?utm_source=rss_feed&utm_medium=rss&utm_campaign=rss_partner_inbound,"","",finnhub
2025-06-10T06:11:00,"Bitcoin lacks strong catalyst to beat its $112K ATH: Analyst","Bitfinex analysts say that Bitcoin holders who bought in Q1 are now being tested as “the price churns sideways near ATH levels.”",Cointelegraph,https://cointelegraph.com/news/bitcoin-price-lacks-fuel-surpass-all-time-high?utm_source=rss_feed&utm_medium=rss&utm_campaign=rss_partner_inbound,"","",finnhub
2025-06-10T05:47:13,"Canary Capital spins up Delaware trust for staked Injective ETF","Fund manager Canary Capital has taken a typical first step for an ETF, creating a Delaware trust for a fund that would stake the Injective token.",Cointelegraph,https://cointelegraph.com/news/canary-capital-delaware-trust-staked-injective-etf?utm_source=rss_feed&utm_medium=rss&utm_campaign=rss_partner_inbound,"","",finnhub
2025-06-10T05:13:04,"Crypto scammers plead guilty to $37M scheme targeting Americans","Five members of an international crypto scam ring are accused of stealing nearly $37 million from American victims and sending the funds to Cambodia.",Cointelegraph,https://cointelegraph.com/news/5-plead-guilty-multinational-crypto-scam-scheme?utm_source=rss_feed&utm_medium=rss&utm_campaign=rss_partner_inbound,"","",finnhub
2025-06-10T04:47:51,"Amazon doubles down on AI with $20B Pennsylvania investment","Amazon made similar commitments in North Carolina, with $10 billion earmarked to expand its data center infrastructure in the US State.",Cointelegraph,https://cointelegraph.com/news/amazon-invests-20b-pennsylvania-ai-data-centers?utm_source=rss_feed&utm_medium=rss&utm_campaign=rss_partner_inbound,"","",finnhub
2025-06-10T04:29:03,"Crypto platform Parataxis eyes public listing via SPAC merger","New York City-based Bitcoin investment company Parataxis Holdings is exploring a public listing via merging with SilverBox Corp IV, a special purpose acquisition company.",Cointelegraph,https://cointelegraph.com/news/crypto-platform-parataxis-eyes-public-listing-via-spac-merger?utm_source=rss_feed&utm_medium=rss&utm_campaign=rss_partner_inbound,"","",finnhub
2025-06-10T04:13:25,"Bitcoin, US crypto stocks rise as more firms plan BTC buys","Crypto-tied US companies gained alongside Bitcoin on Monday, as public firms continued to scoop up the cryptocurrency.",Cointelegraph,https://cointelegraph.com/news/crypto-stocks-bitcoin-gain-companies-buy-btc?utm_source=rss_feed&utm_medium=rss&utm_campaign=rss_partner_inbound,"","",finnhub
2025-06-10T04:02:37,"BlackRock’s Bitcoin fund blows past $70B in record pace for ETFs","BlackRock’s Bitcoin ETF milestone came shortly after the fund wrapped up a massive 31-day inflow streak.",Cointelegraph,https://cointelegraph.com/news/blackrock-bitcoin-etf-fastest-70-billion-assets-under-management?utm_source=rss_feed&utm_medium=rss&utm_campaign=rss_partner_inbound,"","",finnhub
2025-06-10T03:27:48,"Staked Ethereum hits all-time high as ETH tops $2.7K","The amount of Ethereum now staked is almost 30% of the current circulating supply, reaching a new record this week.",Cointelegraph,https://cointelegraph.com/news/staked-ethereum-hits-record-eth-tops-2700?utm_source=rss_feed&utm_medium=rss&utm_campaign=rss_partner_inbound,"","",finnhub
2025-06-10T01:50:23,"SEC eyes exemption framework to boost crypto innovation","Securities and Exchange Commission chair Paul Atkins also bashed the previous administration under former SEC Chair Gary Gensler and its approach to crypto.",Cointelegraph,https://cointelegraph.com/news/sec-mulls-crypto-exemption-onchain-innovation?utm_source=rss_feed&utm_medium=rss&utm_campaign=rss_partner_inbound,"","",finnhub
2025-06-10T01:22:31,"UK appoints specialist to recover crypto from bankruptcy cases","The UK Insolvency Service has hired a former police investigator to help creditors recover cryptocurrency from failed companies and criminal cases.",Cointelegraph,https://cointelegraph.com/news/uk-appoints-crypto-specialist-recover-funds-bankruptcies?utm_source=rss_feed&utm_medium=rss&utm_campaign=rss_partner_inbound,"","",finnhub
2025-06-09T23:38:45,"Crypto exec ran a ‘covert pipeline for dirty money,’ DOJ says","Evita Pay founder Iurii Gugnin has been accused of using sanctioned Russian banks to launder millions into the US, with the funds used in part to undermine American interests.",Cointelegraph,https://cointelegraph.com/news/crypto-founder-charged-laundering-253m-sanctioned-russian-banks?utm_source=rss_feed&utm_medium=rss&utm_campaign=rss_partner_inbound,"","",finnhub
2025-06-09T22:25:00,"SEC Chair bashes Gensler’s approach to crypto, defends self-custody","Paul Atkins called the right to self-custody a “foundational American value” when addressing regulators and industry leaders discussing DeFi.",Cointelegraph,https://cointelegraph.com/news/sec-paul-atkins-gary-gensler-self-custody?utm_source=rss_feed&utm_medium=rss&utm_campaign=rss_partner_inbound,"","",finnhub
2025-06-09T22:00:47,"Turnkey raises $30M for crypto open infrastructure layer","Digital asset infrastructure companies have seen more attention in recent years, with some fundraises in the hundreds of millions of dollars.",Cointelegraph,https://cointelegraph.com/news/turnkey-raises-30m-crypto-open-infrastructure-layer?utm_source=rss_feed&utm_medium=rss&utm_campaign=rss_partner_inbound,"","",finnhub
2025-06-09T21:52:39,"Telegram founder Durov on arrest, detention in France: ‘I’m confused’","In an interview with Tucker Carlson, Pavel Durov’s first since being indicted on six charges in 2024, said his company did nothing wrong.",Cointelegraph,https://cointelegraph.com/news/telegram-founder-durov-arrest-detention-france-im-confused?utm_source=rss_feed&utm_medium=rss&utm_campaign=rss_partner_inbound,"","",finnhub
2025-06-09T21:38:52,"US lawmakers propose amendment to crypto market structure bill before markup","Two bills in the US Congress considering stablecoins and a digital asset regulatory framework will reach crucial stages this week after long debates and controversies.",Cointelegraph,https://cointelegraph.com/news/amendment-blockchain-developers-crypto-market-structure-bill?utm_source=rss_feed&utm_medium=rss&utm_campaign=rss_partner_inbound,"","",finnhub
2025-06-09T21:30:00,"BlackRock ETH accumulation, key price metrics forecast Ethereum rally to $3K","Rising futures open interest, robust spot ETH ETF flows, and a bullish technical analysis indicator forecast an Ethereum price rally to $3,000.",Cointelegraph,https://cointelegraph.com/news/blackrock-eth-accumulation-key-price-metrics-forecast-ethereum-rally-to-3k?utm_source=rss_feed&utm_medium=rss&utm_campaign=rss_partner_inbound,"","",finnhub
2025-06-09T20:28:18,"Bitcoin price shows strength, but will BTC bulls be able to push through $110K?","Bitcoin’s correlation to stocks and uncertainty about the future of the US economy could cap BTC price gains below $110,000.",Cointelegraph,https://cointelegraph.com/news/bitcoin-price-shows-strength-but-will-btc-bulls-be-able-to-push-through-110k?utm_source=rss_feed&utm_medium=rss&utm_campaign=rss_partner_inbound,"","",finnhub
2025-06-09T19:00:00,"Bitcoin chart pattern, return of ‘HODL mode’ point to imminent all-time BTC price high","An uptick in long-term Bitcoin holders and BTC’s start-of-week price break above $108,000 could be a sign that new highs are in order.",Cointelegraph,https://cointelegraph.com/news/bitcoin-chart-pattern-return-of-hodl-mode-point-to-imminent-all-time-btc-price-high?utm_source=rss_feed&utm_medium=rss&utm_campaign=rss_partner_inbound,"","",finnhub
2025-06-09T18:50:36,"Paraguay warns of ‘irregular activity’ after post claiming BTC is legal tender","An X post by Paraguay’s President Santiago Peña claimed the country had recognized Bitcoin as legal tender, but the official government account soon urged users to “dismiss any recently published content.”",Cointelegraph,https://cointelegraph.com/news/paraguay-president-santiago-pena-bitcoin-legal-tender?utm_source=rss_feed&utm_medium=rss&utm_campaign=rss_partner_inbound,"","",finnhub
2025-06-09T18:43:10,"Hong Kong to use Chainlink protocol in CBDC pilot project","The study involving Chainlink's Cross-Chain Interoperability Protocol is one of many initiatives exploring use cases for a potential Hong Kong CBDC, or e-HKD.",Cointelegraph,https://cointelegraph.com/news/hong-kong-government-chainlink-ccip-cbdc-pilot-project?utm_source=rss_feed&utm_medium=rss&utm_campaign=rss_partner_inbound,"","",finnhub
2025-06-09T17:50:11,"Price predictions 6/9: SPX, DXY, BTC, ETH, XRP, BNB, SOL, DOGE, ADA, HYPE","Bitcoin price pushed through a critical overhead resistance level, possibly opening the door to new all-time highs.",Cointelegraph,https://cointelegraph.com/news/price-predictions-6-9-spx-dxy-btc-eth-xrp-bnb-sol-doge-ada-hype?utm_source=rss_feed&utm_medium=rss&utm_campaign=rss_partner_inbound,"","",finnhub
2025-06-09T17:17:32,"Nasdaq-listed fintech Netcapital acquires crypto native protocol Mixie","Shares of NCPL surged more than 16% on the news of the Mixie acquisition and are up 48% year-to-date.",Cointelegraph,https://cointelegraph.com/news/netcapital-acquires-mixie-web3-gaming-crypto-merger?utm_source=rss_feed&utm_medium=rss&utm_campaign=rss_partner_inbound,"","",finnhub
